<?xml version="1.0" encoding="UTF-8"?>
<ruleset name="drush">
    <description>Default PHP CodeSniffer configuration for Drush project.</description>
    <file>src</file>
    <file>examples</file>
    <file>tests</file>
    <rule ref="PSR12"/>

<!--    Keep us sane-->
    <rule ref="Generic.ControlStructures.InlineControlStructure.NotAllowed"><severity>0</severity></rule>
    <rule ref="PSR2.Methods.MethodDeclaration.Underscore"><severity>0</severity></rule>

    <arg name="warning-severity" value="0"/>
    <arg value="s" />
</ruleset>
