<dynamicField name="ts_X3b_ar_*" type="text_ar" stored="true" indexed="true" multiValued="false" termVectors="true" omitNorms="false" />
<dynamicField name="tm_X3b_ar_*" type="text_ar" stored="true" indexed="true" multiValued="true" termVectors="true" omitNorms="false" />
<dynamicField name="tos_X3b_ar_*" type="text_ar" stored="true" indexed="true" multiValued="false" termVectors="true" omitNorms="true" />
<dynamicField name="tom_X3b_ar_*" type="text_ar" stored="true" indexed="true" multiValued="true" termVectors="true" omitNorms="true" />
<dynamicField name="tus_X3b_ar_*" type="text_unstemmed_ar" stored="true" indexed="true" multiValued="false" termVectors="true" omitNorms="false" />
<dynamicField name="tum_X3b_ar_*" type="text_unstemmed_ar" stored="true" indexed="true" multiValued="true" termVectors="true" omitNorms="false" />
<dynamicField name="sort_X3b_ar_*" type="collated_ar" stored="false" indexed="false" docValues="true" useDocValuesAsStored="false" />
<dynamicField name="ts_X3b_bg_*" type="text_bg" stored="true" indexed="true" multiValued="false" termVectors="true" omitNorms="false" />
<dynamicField name="tm_X3b_bg_*" type="text_bg" stored="true" indexed="true" multiValued="true" termVectors="true" omitNorms="false" />
<dynamicField name="tos_X3b_bg_*" type="text_bg" stored="true" indexed="true" multiValued="false" termVectors="true" omitNorms="true" />
<dynamicField name="tom_X3b_bg_*" type="text_bg" stored="true" indexed="true" multiValued="true" termVectors="true" omitNorms="true" />
<dynamicField name="tus_X3b_bg_*" type="text_unstemmed_bg" stored="true" indexed="true" multiValued="false" termVectors="true" omitNorms="false" />
<dynamicField name="tum_X3b_bg_*" type="text_unstemmed_bg" stored="true" indexed="true" multiValued="true" termVectors="true" omitNorms="false" />
<dynamicField name="sort_X3b_bg_*" type="collated_bg" stored="false" indexed="false" docValues="true" useDocValuesAsStored="false" />
<dynamicField name="ts_X3b_ca_*" type="text_ca" stored="true" indexed="true" multiValued="false" termVectors="true" omitNorms="false" />
<dynamicField name="tm_X3b_ca_*" type="text_ca" stored="true" indexed="true" multiValued="true" termVectors="true" omitNorms="false" />
<dynamicField name="tos_X3b_ca_*" type="text_ca" stored="true" indexed="true" multiValued="false" termVectors="true" omitNorms="true" />
<dynamicField name="tom_X3b_ca_*" type="text_ca" stored="true" indexed="true" multiValued="true" termVectors="true" omitNorms="true" />
<dynamicField name="tus_X3b_ca_*" type="text_unstemmed_ca" stored="true" indexed="true" multiValued="false" termVectors="true" omitNorms="false" />
<dynamicField name="tum_X3b_ca_*" type="text_unstemmed_ca" stored="true" indexed="true" multiValued="true" termVectors="true" omitNorms="false" />
<dynamicField name="sort_X3b_ca_*" type="collated_ca" stored="false" indexed="false" docValues="true" useDocValuesAsStored="false" />
<dynamicField name="ts_X3b_hr_*" type="text_hr" stored="true" indexed="true" multiValued="false" termVectors="true" omitNorms="false" />
<dynamicField name="tm_X3b_hr_*" type="text_hr" stored="true" indexed="true" multiValued="true" termVectors="true" omitNorms="false" />
<dynamicField name="tos_X3b_hr_*" type="text_hr" stored="true" indexed="true" multiValued="false" termVectors="true" omitNorms="true" />
<dynamicField name="tom_X3b_hr_*" type="text_hr" stored="true" indexed="true" multiValued="true" termVectors="true" omitNorms="true" />
<dynamicField name="tus_X3b_hr_*" type="text_unstemmed_hr" stored="true" indexed="true" multiValued="false" termVectors="true" omitNorms="false" />
<dynamicField name="tum_X3b_hr_*" type="text_unstemmed_hr" stored="true" indexed="true" multiValued="true" termVectors="true" omitNorms="false" />
<dynamicField name="sort_X3b_hr_*" type="collated_hr" stored="false" indexed="false" docValues="true" useDocValuesAsStored="false" />
<dynamicField name="ts_X3b_cs_*" type="text_cs" stored="true" indexed="true" multiValued="false" termVectors="true" omitNorms="false" />
<dynamicField name="tm_X3b_cs_*" type="text_cs" stored="true" indexed="true" multiValued="true" termVectors="true" omitNorms="false" />
<dynamicField name="tos_X3b_cs_*" type="text_cs" stored="true" indexed="true" multiValued="false" termVectors="true" omitNorms="true" />
<dynamicField name="tom_X3b_cs_*" type="text_cs" stored="true" indexed="true" multiValued="true" termVectors="true" omitNorms="true" />
<dynamicField name="tus_X3b_cs_*" type="text_unstemmed_cs" stored="true" indexed="true" multiValued="false" termVectors="true" omitNorms="false" />
<dynamicField name="tum_X3b_cs_*" type="text_unstemmed_cs" stored="true" indexed="true" multiValued="true" termVectors="true" omitNorms="false" />
<dynamicField name="sort_X3b_cs_*" type="collated_cs" stored="false" indexed="false" docValues="true" useDocValuesAsStored="false" />
<dynamicField name="ts_X3b_da_*" type="text_da" stored="true" indexed="true" multiValued="false" termVectors="true" omitNorms="false" />
<dynamicField name="tm_X3b_da_*" type="text_da" stored="true" indexed="true" multiValued="true" termVectors="true" omitNorms="false" />
<dynamicField name="tos_X3b_da_*" type="text_da" stored="true" indexed="true" multiValued="false" termVectors="true" omitNorms="true" />
<dynamicField name="tom_X3b_da_*" type="text_da" stored="true" indexed="true" multiValued="true" termVectors="true" omitNorms="true" />
<dynamicField name="tus_X3b_da_*" type="text_unstemmed_da" stored="true" indexed="true" multiValued="false" termVectors="true" omitNorms="false" />
<dynamicField name="tum_X3b_da_*" type="text_unstemmed_da" stored="true" indexed="true" multiValued="true" termVectors="true" omitNorms="false" />
<dynamicField name="sort_X3b_da_*" type="collated_da" stored="false" indexed="false" docValues="true" useDocValuesAsStored="false" />
<dynamicField name="ts_X3b_nl_*" type="text_nl" stored="true" indexed="true" multiValued="false" termVectors="true" omitNorms="false" />
<dynamicField name="tm_X3b_nl_*" type="text_nl" stored="true" indexed="true" multiValued="true" termVectors="true" omitNorms="false" />
<dynamicField name="tos_X3b_nl_*" type="text_nl" stored="true" indexed="true" multiValued="false" termVectors="true" omitNorms="true" />
<dynamicField name="tom_X3b_nl_*" type="text_nl" stored="true" indexed="true" multiValued="true" termVectors="true" omitNorms="true" />
<dynamicField name="tus_X3b_nl_*" type="text_unstemmed_nl" stored="true" indexed="true" multiValued="false" termVectors="true" omitNorms="false" />
<dynamicField name="tum_X3b_nl_*" type="text_unstemmed_nl" stored="true" indexed="true" multiValued="true" termVectors="true" omitNorms="false" />
<dynamicField name="sort_X3b_nl_*" type="collated_nl" stored="false" indexed="false" docValues="true" useDocValuesAsStored="false" />
<dynamicField name="tcedgestrings_X3b_und_*" type="text_edgenstring" stored="true" indexed="true" multiValued="false" termVectors="true" omitNorms="false" />
<dynamicField name="tcedgestrings_*" type="text_edgenstring" stored="true" indexed="true" multiValued="false" termVectors="true" omitNorms="false" />
<dynamicField name="tcedgestringm_X3b_und_*" type="text_edgenstring" stored="true" indexed="true" multiValued="true" termVectors="true" omitNorms="false" />
<dynamicField name="tcedgestringm_*" type="text_edgenstring" stored="true" indexed="true" multiValued="true" termVectors="true" omitNorms="false" />
<dynamicField name="tocedgestrings_X3b_und_*" type="text_edgenstring" stored="true" indexed="true" multiValued="false" termVectors="true" omitNorms="true" />
<dynamicField name="tocedgestrings_*" type="text_edgenstring" stored="true" indexed="true" multiValued="false" termVectors="true" omitNorms="true" />
<dynamicField name="tocedgestringm_X3b_und_*" type="text_edgenstring" stored="true" indexed="true" multiValued="true" termVectors="true" omitNorms="true" />
<dynamicField name="tocedgestringm_*" type="text_edgenstring" stored="true" indexed="true" multiValued="true" termVectors="true" omitNorms="true" />
<dynamicField name="tucedgestrings_X3b_und_*" type="text_edgenstring" stored="true" indexed="true" multiValued="false" termVectors="true" omitNorms="false" />
<dynamicField name="tucedgestrings_*" type="text_edgenstring" stored="true" indexed="true" multiValued="false" termVectors="true" omitNorms="false" />
<dynamicField name="tucedgestringm_X3b_und_*" type="text_edgenstring" stored="true" indexed="true" multiValued="true" termVectors="true" omitNorms="false" />
<dynamicField name="tucedgestringm_*" type="text_edgenstring" stored="true" indexed="true" multiValued="true" termVectors="true" omitNorms="false" />
<dynamicField name="tcedges_X3b_und_*" type="text_edge" stored="true" indexed="true" multiValued="false" termVectors="true" omitNorms="false" />
<dynamicField name="tcedges_*" type="text_edge" stored="true" indexed="true" multiValued="false" termVectors="true" omitNorms="false" />
<dynamicField name="tcedgem_X3b_und_*" type="text_edge" stored="true" indexed="true" multiValued="true" termVectors="true" omitNorms="false" />
<dynamicField name="tcedgem_*" type="text_edge" stored="true" indexed="true" multiValued="true" termVectors="true" omitNorms="false" />
<dynamicField name="tocedges_X3b_und_*" type="text_edge" stored="true" indexed="true" multiValued="false" termVectors="true" omitNorms="true" />
<dynamicField name="tocedges_*" type="text_edge" stored="true" indexed="true" multiValued="false" termVectors="true" omitNorms="true" />
<dynamicField name="tocedgem_X3b_und_*" type="text_edge" stored="true" indexed="true" multiValued="true" termVectors="true" omitNorms="true" />
<dynamicField name="tocedgem_*" type="text_edge" stored="true" indexed="true" multiValued="true" termVectors="true" omitNorms="true" />
<dynamicField name="tucedges_X3b_und_*" type="text_edge" stored="true" indexed="true" multiValued="false" termVectors="true" omitNorms="false" />
<dynamicField name="tucedges_*" type="text_edge" stored="true" indexed="true" multiValued="false" termVectors="true" omitNorms="false" />
<dynamicField name="tucedgem_X3b_und_*" type="text_edge" stored="true" indexed="true" multiValued="true" termVectors="true" omitNorms="false" />
<dynamicField name="tucedgem_*" type="text_edge" stored="true" indexed="true" multiValued="true" termVectors="true" omitNorms="false" />
<dynamicField name="ts_X3b_en_*" type="text_en" stored="true" indexed="true" multiValued="false" termVectors="true" omitNorms="false" />
<dynamicField name="tm_X3b_en_*" type="text_en" stored="true" indexed="true" multiValued="true" termVectors="true" omitNorms="false" />
<dynamicField name="tos_X3b_en_*" type="text_en" stored="true" indexed="true" multiValued="false" termVectors="true" omitNorms="true" />
<dynamicField name="tom_X3b_en_*" type="text_en" stored="true" indexed="true" multiValued="true" termVectors="true" omitNorms="true" />
<dynamicField name="tus_X3b_en_*" type="text_unstemmed_en" stored="true" indexed="true" multiValued="false" termVectors="true" omitNorms="false" />
<dynamicField name="tum_X3b_en_*" type="text_unstemmed_en" stored="true" indexed="true" multiValued="true" termVectors="true" omitNorms="false" />
<dynamicField name="sort_X3b_en_*" type="collated_en" stored="false" indexed="false" docValues="true" useDocValuesAsStored="false" />
<dynamicField name="ts_X3b_fi_*" type="text_fi" stored="true" indexed="true" multiValued="false" termVectors="true" omitNorms="false" />
<dynamicField name="tm_X3b_fi_*" type="text_fi" stored="true" indexed="true" multiValued="true" termVectors="true" omitNorms="false" />
<dynamicField name="tos_X3b_fi_*" type="text_fi" stored="true" indexed="true" multiValued="false" termVectors="true" omitNorms="true" />
<dynamicField name="tom_X3b_fi_*" type="text_fi" stored="true" indexed="true" multiValued="true" termVectors="true" omitNorms="true" />
<dynamicField name="tus_X3b_fi_*" type="text_unstemmed_fi" stored="true" indexed="true" multiValued="false" termVectors="true" omitNorms="false" />
<dynamicField name="tum_X3b_fi_*" type="text_unstemmed_fi" stored="true" indexed="true" multiValued="true" termVectors="true" omitNorms="false" />
<dynamicField name="sort_X3b_fi_*" type="collated_fi" stored="false" indexed="false" docValues="true" useDocValuesAsStored="false" />
<dynamicField name="ts_X3b_fr_*" type="text_fr" stored="true" indexed="true" multiValued="false" termVectors="true" omitNorms="false" />
<dynamicField name="tm_X3b_fr_*" type="text_fr" stored="true" indexed="true" multiValued="true" termVectors="true" omitNorms="false" />
<dynamicField name="tos_X3b_fr_*" type="text_fr" stored="true" indexed="true" multiValued="false" termVectors="true" omitNorms="true" />
<dynamicField name="tom_X3b_fr_*" type="text_fr" stored="true" indexed="true" multiValued="true" termVectors="true" omitNorms="true" />
<dynamicField name="tus_X3b_fr_*" type="text_unstemmed_fr" stored="true" indexed="true" multiValued="false" termVectors="true" omitNorms="false" />
<dynamicField name="tum_X3b_fr_*" type="text_unstemmed_fr" stored="true" indexed="true" multiValued="true" termVectors="true" omitNorms="false" />
<dynamicField name="sort_X3b_fr_*" type="collated_fr" stored="false" indexed="false" docValues="true" useDocValuesAsStored="false" />
<dynamicField name="tcphonetics_X3b_und_*" type="text_phonetic_und" stored="true" indexed="true" multiValued="false" termVectors="true" omitNorms="false" />
<dynamicField name="tcphonetics_*" type="text_phonetic_und" stored="true" indexed="true" multiValued="false" termVectors="true" omitNorms="false" />
<dynamicField name="tcphoneticm_X3b_und_*" type="text_phonetic_und" stored="true" indexed="true" multiValued="true" termVectors="true" omitNorms="false" />
<dynamicField name="tcphoneticm_*" type="text_phonetic_und" stored="true" indexed="true" multiValued="true" termVectors="true" omitNorms="false" />
<dynamicField name="tocphonetics_X3b_und_*" type="text_phonetic_und" stored="true" indexed="true" multiValued="false" termVectors="true" omitNorms="true" />
<dynamicField name="tocphonetics_*" type="text_phonetic_und" stored="true" indexed="true" multiValued="false" termVectors="true" omitNorms="true" />
<dynamicField name="tocphoneticm_X3b_und_*" type="text_phonetic_und" stored="true" indexed="true" multiValued="true" termVectors="true" omitNorms="true" />
<dynamicField name="tocphoneticm_*" type="text_phonetic_und" stored="true" indexed="true" multiValued="true" termVectors="true" omitNorms="true" />
<dynamicField name="tucphonetics_X3b_und_*" type="text_phonetic_und" stored="true" indexed="true" multiValued="false" termVectors="true" omitNorms="false" />
<dynamicField name="tucphonetics_*" type="text_phonetic_und" stored="true" indexed="true" multiValued="false" termVectors="true" omitNorms="false" />
<dynamicField name="tucphoneticm_X3b_und_*" type="text_phonetic_und" stored="true" indexed="true" multiValued="true" termVectors="true" omitNorms="false" />
<dynamicField name="tucphoneticm_*" type="text_phonetic_und" stored="true" indexed="true" multiValued="true" termVectors="true" omitNorms="false" />
<dynamicField name="tcphonetics_X3b_en_*" type="text_phonetic_en" stored="true" indexed="true" multiValued="false" termVectors="true" omitNorms="false" />
<dynamicField name="tcphoneticm_X3b_en_*" type="text_phonetic_en" stored="true" indexed="true" multiValued="true" termVectors="true" omitNorms="false" />
<dynamicField name="tocphonetics_X3b_en_*" type="text_phonetic_en" stored="true" indexed="true" multiValued="false" termVectors="true" omitNorms="true" />
<dynamicField name="tocphoneticm_X3b_en_*" type="text_phonetic_en" stored="true" indexed="true" multiValued="true" termVectors="true" omitNorms="true" />
<dynamicField name="tucphonetics_X3b_en_*" type="text_phonetic_en" stored="true" indexed="true" multiValued="false" termVectors="true" omitNorms="false" />
<dynamicField name="tucphoneticm_X3b_en_*" type="text_phonetic_en" stored="true" indexed="true" multiValued="true" termVectors="true" omitNorms="false" />
<dynamicField name="tcphonetics_X3b_fr_*" type="text_phonetic_fr" stored="true" indexed="true" multiValued="false" termVectors="true" omitNorms="false" />
<dynamicField name="tcphoneticm_X3b_fr_*" type="text_phonetic_fr" stored="true" indexed="true" multiValued="true" termVectors="true" omitNorms="false" />
<dynamicField name="tocphonetics_X3b_fr_*" type="text_phonetic_fr" stored="true" indexed="true" multiValued="false" termVectors="true" omitNorms="true" />
<dynamicField name="tocphoneticm_X3b_fr_*" type="text_phonetic_fr" stored="true" indexed="true" multiValued="true" termVectors="true" omitNorms="true" />
<dynamicField name="tucphonetics_X3b_fr_*" type="text_phonetic_fr" stored="true" indexed="true" multiValued="false" termVectors="true" omitNorms="false" />
<dynamicField name="tucphoneticm_X3b_fr_*" type="text_phonetic_fr" stored="true" indexed="true" multiValued="true" termVectors="true" omitNorms="false" />
<dynamicField name="tcphonetics_X3b_de_*" type="text_phonetic_de" stored="true" indexed="true" multiValued="false" termVectors="true" omitNorms="false" />
<dynamicField name="tcphoneticm_X3b_de_*" type="text_phonetic_de" stored="true" indexed="true" multiValued="true" termVectors="true" omitNorms="false" />
<dynamicField name="tocphonetics_X3b_de_*" type="text_phonetic_de" stored="true" indexed="true" multiValued="false" termVectors="true" omitNorms="true" />
<dynamicField name="tocphoneticm_X3b_de_*" type="text_phonetic_de" stored="true" indexed="true" multiValued="true" termVectors="true" omitNorms="true" />
<dynamicField name="tucphonetics_X3b_de_*" type="text_phonetic_de" stored="true" indexed="true" multiValued="false" termVectors="true" omitNorms="false" />
<dynamicField name="tucphoneticm_X3b_de_*" type="text_phonetic_de" stored="true" indexed="true" multiValued="true" termVectors="true" omitNorms="false" />
<dynamicField name="tcphonetics_X3b_el_*" type="text_phonetic_el" stored="true" indexed="true" multiValued="false" termVectors="true" omitNorms="false" />
<dynamicField name="tcphoneticm_X3b_el_*" type="text_phonetic_el" stored="true" indexed="true" multiValued="true" termVectors="true" omitNorms="false" />
<dynamicField name="tocphonetics_X3b_el_*" type="text_phonetic_el" stored="true" indexed="true" multiValued="false" termVectors="true" omitNorms="true" />
<dynamicField name="tocphoneticm_X3b_el_*" type="text_phonetic_el" stored="true" indexed="true" multiValued="true" termVectors="true" omitNorms="true" />
<dynamicField name="tucphonetics_X3b_el_*" type="text_phonetic_el" stored="true" indexed="true" multiValued="false" termVectors="true" omitNorms="false" />
<dynamicField name="tucphoneticm_X3b_el_*" type="text_phonetic_el" stored="true" indexed="true" multiValued="true" termVectors="true" omitNorms="false" />
<dynamicField name="tcphonetics_X3b_it_*" type="text_phonetic_it" stored="true" indexed="true" multiValued="false" termVectors="true" omitNorms="false" />
<dynamicField name="tcphoneticm_X3b_it_*" type="text_phonetic_it" stored="true" indexed="true" multiValued="true" termVectors="true" omitNorms="false" />
<dynamicField name="tocphonetics_X3b_it_*" type="text_phonetic_it" stored="true" indexed="true" multiValued="false" termVectors="true" omitNorms="true" />
<dynamicField name="tocphoneticm_X3b_it_*" type="text_phonetic_it" stored="true" indexed="true" multiValued="true" termVectors="true" omitNorms="true" />
<dynamicField name="tucphonetics_X3b_it_*" type="text_phonetic_it" stored="true" indexed="true" multiValued="false" termVectors="true" omitNorms="false" />
<dynamicField name="tucphoneticm_X3b_it_*" type="text_phonetic_it" stored="true" indexed="true" multiValued="true" termVectors="true" omitNorms="false" />
<dynamicField name="tcphonetics_X3b_pl_*" type="text_phonetic_pl" stored="true" indexed="true" multiValued="false" termVectors="true" omitNorms="false" />
<dynamicField name="tcphoneticm_X3b_pl_*" type="text_phonetic_pl" stored="true" indexed="true" multiValued="true" termVectors="true" omitNorms="false" />
<dynamicField name="tocphonetics_X3b_pl_*" type="text_phonetic_pl" stored="true" indexed="true" multiValued="false" termVectors="true" omitNorms="true" />
<dynamicField name="tocphoneticm_X3b_pl_*" type="text_phonetic_pl" stored="true" indexed="true" multiValued="true" termVectors="true" omitNorms="true" />
<dynamicField name="tucphonetics_X3b_pl_*" type="text_phonetic_pl" stored="true" indexed="true" multiValued="false" termVectors="true" omitNorms="false" />
<dynamicField name="tucphoneticm_X3b_pl_*" type="text_phonetic_pl" stored="true" indexed="true" multiValued="true" termVectors="true" omitNorms="false" />
<dynamicField name="tcphonetics_X3b_ru_*" type="text_phonetic_ru" stored="true" indexed="true" multiValued="false" termVectors="true" omitNorms="false" />
<dynamicField name="tcphoneticm_X3b_ru_*" type="text_phonetic_ru" stored="true" indexed="true" multiValued="true" termVectors="true" omitNorms="false" />
<dynamicField name="tocphonetics_X3b_ru_*" type="text_phonetic_ru" stored="true" indexed="true" multiValued="false" termVectors="true" omitNorms="true" />
<dynamicField name="tocphoneticm_X3b_ru_*" type="text_phonetic_ru" stored="true" indexed="true" multiValued="true" termVectors="true" omitNorms="true" />
<dynamicField name="tucphonetics_X3b_ru_*" type="text_phonetic_ru" stored="true" indexed="true" multiValued="false" termVectors="true" omitNorms="false" />
<dynamicField name="tucphoneticm_X3b_ru_*" type="text_phonetic_ru" stored="true" indexed="true" multiValued="true" termVectors="true" omitNorms="false" />
<dynamicField name="tcphonetics_X3b_es_*" type="text_phonetic_es" stored="true" indexed="true" multiValued="false" termVectors="true" omitNorms="false" />
<dynamicField name="tcphoneticm_X3b_es_*" type="text_phonetic_es" stored="true" indexed="true" multiValued="true" termVectors="true" omitNorms="false" />
<dynamicField name="tocphonetics_X3b_es_*" type="text_phonetic_es" stored="true" indexed="true" multiValued="false" termVectors="true" omitNorms="true" />
<dynamicField name="tocphoneticm_X3b_es_*" type="text_phonetic_es" stored="true" indexed="true" multiValued="true" termVectors="true" omitNorms="true" />
<dynamicField name="tucphonetics_X3b_es_*" type="text_phonetic_es" stored="true" indexed="true" multiValued="false" termVectors="true" omitNorms="false" />
<dynamicField name="tucphoneticm_X3b_es_*" type="text_phonetic_es" stored="true" indexed="true" multiValued="true" termVectors="true" omitNorms="false" />
<dynamicField name="tcphonetics_X3b_uk_*" type="text_phonetic_uk" stored="true" indexed="true" multiValued="false" termVectors="true" omitNorms="false" />
<dynamicField name="tcphoneticm_X3b_uk_*" type="text_phonetic_uk" stored="true" indexed="true" multiValued="true" termVectors="true" omitNorms="false" />
<dynamicField name="tocphonetics_X3b_uk_*" type="text_phonetic_uk" stored="true" indexed="true" multiValued="false" termVectors="true" omitNorms="true" />
<dynamicField name="tocphoneticm_X3b_uk_*" type="text_phonetic_uk" stored="true" indexed="true" multiValued="true" termVectors="true" omitNorms="true" />
<dynamicField name="tucphonetics_X3b_uk_*" type="text_phonetic_uk" stored="true" indexed="true" multiValued="false" termVectors="true" omitNorms="false" />
<dynamicField name="tucphoneticm_X3b_uk_*" type="text_phonetic_uk" stored="true" indexed="true" multiValued="true" termVectors="true" omitNorms="false" />
<dynamicField name="tcstrings_X3b_und_*" type="text_string" stored="true" indexed="true" multiValued="false" termVectors="true" omitNorms="false" />
<dynamicField name="tcstrings_*" type="text_string" stored="true" indexed="true" multiValued="false" termVectors="true" omitNorms="false" />
<dynamicField name="tcstringm_X3b_und_*" type="text_string" stored="true" indexed="true" multiValued="true" termVectors="true" omitNorms="false" />
<dynamicField name="tcstringm_*" type="text_string" stored="true" indexed="true" multiValued="true" termVectors="true" omitNorms="false" />
<dynamicField name="tocstrings_X3b_und_*" type="text_string" stored="true" indexed="true" multiValued="false" termVectors="true" omitNorms="true" />
<dynamicField name="tocstrings_*" type="text_string" stored="true" indexed="true" multiValued="false" termVectors="true" omitNorms="true" />
<dynamicField name="tocstringm_X3b_und_*" type="text_string" stored="true" indexed="true" multiValued="true" termVectors="true" omitNorms="true" />
<dynamicField name="tocstringm_*" type="text_string" stored="true" indexed="true" multiValued="true" termVectors="true" omitNorms="true" />
<dynamicField name="tucstrings_X3b_und_*" type="text_string" stored="true" indexed="true" multiValued="false" termVectors="true" omitNorms="false" />
<dynamicField name="tucstrings_*" type="text_string" stored="true" indexed="true" multiValued="false" termVectors="true" omitNorms="false" />
<dynamicField name="tucstringm_X3b_und_*" type="text_string" stored="true" indexed="true" multiValued="true" termVectors="true" omitNorms="false" />
<dynamicField name="tucstringm_*" type="text_string" stored="true" indexed="true" multiValued="true" termVectors="true" omitNorms="false" />
<dynamicField name="ts_X3b_de_*" type="text_de" stored="true" indexed="true" multiValued="false" termVectors="true" omitNorms="false" />
<dynamicField name="tm_X3b_de_*" type="text_de" stored="true" indexed="true" multiValued="true" termVectors="true" omitNorms="false" />
<dynamicField name="tos_X3b_de_*" type="text_de" stored="true" indexed="true" multiValued="false" termVectors="true" omitNorms="true" />
<dynamicField name="tom_X3b_de_*" type="text_de" stored="true" indexed="true" multiValued="true" termVectors="true" omitNorms="true" />
<dynamicField name="tus_X3b_de_*" type="text_unstemmed_de" stored="true" indexed="true" multiValued="false" termVectors="true" omitNorms="false" />
<dynamicField name="tum_X3b_de_*" type="text_unstemmed_de" stored="true" indexed="true" multiValued="true" termVectors="true" omitNorms="false" />
<dynamicField name="sort_X3b_de_*" type="collated_de" stored="false" indexed="false" docValues="true" useDocValuesAsStored="false" />
<dynamicField name="ts_X3b_el_*" type="text_el" stored="true" indexed="true" multiValued="false" termVectors="true" omitNorms="false" />
<dynamicField name="tm_X3b_el_*" type="text_el" stored="true" indexed="true" multiValued="true" termVectors="true" omitNorms="false" />
<dynamicField name="tos_X3b_el_*" type="text_el" stored="true" indexed="true" multiValued="false" termVectors="true" omitNorms="true" />
<dynamicField name="tom_X3b_el_*" type="text_el" stored="true" indexed="true" multiValued="true" termVectors="true" omitNorms="true" />
<dynamicField name="tus_X3b_el_*" type="text_unstemmed_el" stored="true" indexed="true" multiValued="false" termVectors="true" omitNorms="false" />
<dynamicField name="tum_X3b_el_*" type="text_unstemmed_el" stored="true" indexed="true" multiValued="true" termVectors="true" omitNorms="false" />
<dynamicField name="sort_X3b_el_*" type="collated_el" stored="false" indexed="false" docValues="true" useDocValuesAsStored="false" />
<dynamicField name="ts_X3b_hi_*" type="text_hi" stored="true" indexed="true" multiValued="false" termVectors="true" omitNorms="false" />
<dynamicField name="tm_X3b_hi_*" type="text_hi" stored="true" indexed="true" multiValued="true" termVectors="true" omitNorms="false" />
<dynamicField name="tos_X3b_hi_*" type="text_hi" stored="true" indexed="true" multiValued="false" termVectors="true" omitNorms="true" />
<dynamicField name="tom_X3b_hi_*" type="text_hi" stored="true" indexed="true" multiValued="true" termVectors="true" omitNorms="true" />
<dynamicField name="tus_X3b_hi_*" type="text_unstemmed_hi" stored="true" indexed="true" multiValued="false" termVectors="true" omitNorms="false" />
<dynamicField name="tum_X3b_hi_*" type="text_unstemmed_hi" stored="true" indexed="true" multiValued="true" termVectors="true" omitNorms="false" />
<dynamicField name="sort_X3b_hi_*" type="collated_hi" stored="false" indexed="false" docValues="true" useDocValuesAsStored="false" />
<dynamicField name="ts_X3b_hu_*" type="text_hu" stored="true" indexed="true" multiValued="false" termVectors="true" omitNorms="false" />
<dynamicField name="tm_X3b_hu_*" type="text_hu" stored="true" indexed="true" multiValued="true" termVectors="true" omitNorms="false" />
<dynamicField name="tos_X3b_hu_*" type="text_hu" stored="true" indexed="true" multiValued="false" termVectors="true" omitNorms="true" />
<dynamicField name="tom_X3b_hu_*" type="text_hu" stored="true" indexed="true" multiValued="true" termVectors="true" omitNorms="true" />
<dynamicField name="tus_X3b_hu_*" type="text_unstemmed_hu" stored="true" indexed="true" multiValued="false" termVectors="true" omitNorms="false" />
<dynamicField name="tum_X3b_hu_*" type="text_unstemmed_hu" stored="true" indexed="true" multiValued="true" termVectors="true" omitNorms="false" />
<dynamicField name="sort_X3b_hu_*" type="collated_hu" stored="false" indexed="false" docValues="true" useDocValuesAsStored="false" />
<dynamicField name="ts_X3b_id_*" type="text_id" stored="true" indexed="true" multiValued="false" termVectors="true" omitNorms="false" />
<dynamicField name="tm_X3b_id_*" type="text_id" stored="true" indexed="true" multiValued="true" termVectors="true" omitNorms="false" />
<dynamicField name="tos_X3b_id_*" type="text_id" stored="true" indexed="true" multiValued="false" termVectors="true" omitNorms="true" />
<dynamicField name="tom_X3b_id_*" type="text_id" stored="true" indexed="true" multiValued="true" termVectors="true" omitNorms="true" />
<dynamicField name="tus_X3b_id_*" type="text_unstemmed_id" stored="true" indexed="true" multiValued="false" termVectors="true" omitNorms="false" />
<dynamicField name="tum_X3b_id_*" type="text_unstemmed_id" stored="true" indexed="true" multiValued="true" termVectors="true" omitNorms="false" />
<dynamicField name="sort_X3b_id_*" type="collated_id" stored="false" indexed="false" docValues="true" useDocValuesAsStored="false" />
<dynamicField name="ts_X3b_it_*" type="text_it" stored="true" indexed="true" multiValued="false" termVectors="true" omitNorms="false" />
<dynamicField name="tm_X3b_it_*" type="text_it" stored="true" indexed="true" multiValued="true" termVectors="true" omitNorms="false" />
<dynamicField name="tos_X3b_it_*" type="text_it" stored="true" indexed="true" multiValued="false" termVectors="true" omitNorms="true" />
<dynamicField name="tom_X3b_it_*" type="text_it" stored="true" indexed="true" multiValued="true" termVectors="true" omitNorms="true" />
<dynamicField name="tus_X3b_it_*" type="text_unstemmed_it" stored="true" indexed="true" multiValued="false" termVectors="true" omitNorms="false" />
<dynamicField name="tum_X3b_it_*" type="text_unstemmed_it" stored="true" indexed="true" multiValued="true" termVectors="true" omitNorms="false" />
<dynamicField name="sort_X3b_it_*" type="collated_it" stored="false" indexed="false" docValues="true" useDocValuesAsStored="false" />
<dynamicField name="ts_X3b_ja_*" type="text_ja" stored="true" indexed="true" multiValued="false" termVectors="true" omitNorms="false" />
<dynamicField name="tm_X3b_ja_*" type="text_ja" stored="true" indexed="true" multiValued="true" termVectors="true" omitNorms="false" />
<dynamicField name="tos_X3b_ja_*" type="text_ja" stored="true" indexed="true" multiValued="false" termVectors="true" omitNorms="true" />
<dynamicField name="tom_X3b_ja_*" type="text_ja" stored="true" indexed="true" multiValued="true" termVectors="true" omitNorms="true" />
<dynamicField name="tus_X3b_ja_*" type="text_ja" stored="true" indexed="true" multiValued="false" termVectors="true" omitNorms="false" />
<dynamicField name="tum_X3b_ja_*" type="text_ja" stored="true" indexed="true" multiValued="true" termVectors="true" omitNorms="false" />
<dynamicField name="spellcheck_ja*" type="text_spell_ja" stored="true" indexed="true" multiValued="true" termVectors="true" omitNorms="true" />
<dynamicField name="sort_X3b_ja_*" type="collated_ja" stored="false" indexed="false" docValues="true" useDocValuesAsStored="false" />
<dynamicField name="ts_X3b_und_*" type="text_und" stored="true" indexed="true" multiValued="false" termVectors="true" omitNorms="false" />
<dynamicField name="ts_*" type="text_und" stored="true" indexed="true" multiValued="false" termVectors="true" omitNorms="false" />
<dynamicField name="tm_X3b_und_*" type="text_und" stored="true" indexed="true" multiValued="true" termVectors="true" omitNorms="false" />
<dynamicField name="tm_*" type="text_und" stored="true" indexed="true" multiValued="true" termVectors="true" omitNorms="false" />
<dynamicField name="tos_X3b_und_*" type="text_und" stored="true" indexed="true" multiValued="false" termVectors="true" omitNorms="true" />
<dynamicField name="tos_*" type="text_und" stored="true" indexed="true" multiValued="false" termVectors="true" omitNorms="true" />
<dynamicField name="tom_X3b_und_*" type="text_und" stored="true" indexed="true" multiValued="true" termVectors="true" omitNorms="true" />
<dynamicField name="tom_*" type="text_und" stored="true" indexed="true" multiValued="true" termVectors="true" omitNorms="true" />
<dynamicField name="tus_X3b_und_*" type="text_und" stored="true" indexed="true" multiValued="false" termVectors="true" omitNorms="false" />
<dynamicField name="tus_*" type="text_und" stored="true" indexed="true" multiValued="false" termVectors="true" omitNorms="false" />
<dynamicField name="tum_X3b_und_*" type="text_und" stored="true" indexed="true" multiValued="true" termVectors="true" omitNorms="false" />
<dynamicField name="tum_*" type="text_und" stored="true" indexed="true" multiValued="true" termVectors="true" omitNorms="false" />
<dynamicField name="spellcheck_und*" type="text_spell_und" stored="true" indexed="true" multiValued="true" termVectors="true" omitNorms="true" />
<dynamicField name="spellcheck_*" type="text_spell_und" stored="true" indexed="true" multiValued="true" termVectors="true" omitNorms="true" />
<dynamicField name="sort_X3b_und_*" type="collated_und" stored="false" indexed="false" docValues="true" useDocValuesAsStored="false" />
<dynamicField name="sort_*" type="collated_und" stored="false" indexed="false" docValues="true" useDocValuesAsStored="false" />
<dynamicField name="ts_X3b_lv_*" type="text_lv" stored="true" indexed="true" multiValued="false" termVectors="true" omitNorms="false" />
<dynamicField name="tm_X3b_lv_*" type="text_lv" stored="true" indexed="true" multiValued="true" termVectors="true" omitNorms="false" />
<dynamicField name="tos_X3b_lv_*" type="text_lv" stored="true" indexed="true" multiValued="false" termVectors="true" omitNorms="true" />
<dynamicField name="tom_X3b_lv_*" type="text_lv" stored="true" indexed="true" multiValued="true" termVectors="true" omitNorms="true" />
<dynamicField name="tus_X3b_lv_*" type="text_unstemmed_lv" stored="true" indexed="true" multiValued="false" termVectors="true" omitNorms="false" />
<dynamicField name="tum_X3b_lv_*" type="text_unstemmed_lv" stored="true" indexed="true" multiValued="true" termVectors="true" omitNorms="false" />
<dynamicField name="sort_X3b_lv_*" type="collated_lv" stored="false" indexed="false" docValues="true" useDocValuesAsStored="false" />
<dynamicField name="tcngramstrings_X3b_und_*" type="text_ngramstring" stored="true" indexed="true" multiValued="false" termVectors="true" omitNorms="false" />
<dynamicField name="tcngramstrings_*" type="text_ngramstring" stored="true" indexed="true" multiValued="false" termVectors="true" omitNorms="false" />
<dynamicField name="tcngramstringm_X3b_und_*" type="text_ngramstring" stored="true" indexed="true" multiValued="true" termVectors="true" omitNorms="false" />
<dynamicField name="tcngramstringm_*" type="text_ngramstring" stored="true" indexed="true" multiValued="true" termVectors="true" omitNorms="false" />
<dynamicField name="tocngramstrings_X3b_und_*" type="text_ngramstring" stored="true" indexed="true" multiValued="false" termVectors="true" omitNorms="true" />
<dynamicField name="tocngramstrings_*" type="text_ngramstring" stored="true" indexed="true" multiValued="false" termVectors="true" omitNorms="true" />
<dynamicField name="tocngramstringm_X3b_und_*" type="text_ngramstring" stored="true" indexed="true" multiValued="true" termVectors="true" omitNorms="true" />
<dynamicField name="tocngramstringm_*" type="text_ngramstring" stored="true" indexed="true" multiValued="true" termVectors="true" omitNorms="true" />
<dynamicField name="tucngramstrings_X3b_und_*" type="text_ngramstring" stored="true" indexed="true" multiValued="false" termVectors="true" omitNorms="false" />
<dynamicField name="tucngramstrings_*" type="text_ngramstring" stored="true" indexed="true" multiValued="false" termVectors="true" omitNorms="false" />
<dynamicField name="tucngramstringm_X3b_und_*" type="text_ngramstring" stored="true" indexed="true" multiValued="true" termVectors="true" omitNorms="false" />
<dynamicField name="tucngramstringm_*" type="text_ngramstring" stored="true" indexed="true" multiValued="true" termVectors="true" omitNorms="false" />
<dynamicField name="tcngrams_X3b_und_*" type="text_ngram" stored="true" indexed="true" multiValued="false" termVectors="true" omitNorms="false" />
<dynamicField name="tcngrams_*" type="text_ngram" stored="true" indexed="true" multiValued="false" termVectors="true" omitNorms="false" />
<dynamicField name="tcngramm_X3b_und_*" type="text_ngram" stored="true" indexed="true" multiValued="true" termVectors="true" omitNorms="false" />
<dynamicField name="tcngramm_*" type="text_ngram" stored="true" indexed="true" multiValued="true" termVectors="true" omitNorms="false" />
<dynamicField name="tocngrams_X3b_und_*" type="text_ngram" stored="true" indexed="true" multiValued="false" termVectors="true" omitNorms="true" />
<dynamicField name="tocngrams_*" type="text_ngram" stored="true" indexed="true" multiValued="false" termVectors="true" omitNorms="true" />
<dynamicField name="tocngramm_X3b_und_*" type="text_ngram" stored="true" indexed="true" multiValued="true" termVectors="true" omitNorms="true" />
<dynamicField name="tocngramm_*" type="text_ngram" stored="true" indexed="true" multiValued="true" termVectors="true" omitNorms="true" />
<dynamicField name="tucngrams_X3b_und_*" type="text_ngram" stored="true" indexed="true" multiValued="false" termVectors="true" omitNorms="false" />
<dynamicField name="tucngrams_*" type="text_ngram" stored="true" indexed="true" multiValued="false" termVectors="true" omitNorms="false" />
<dynamicField name="tucngramm_X3b_und_*" type="text_ngram" stored="true" indexed="true" multiValued="true" termVectors="true" omitNorms="false" />
<dynamicField name="tucngramm_*" type="text_ngram" stored="true" indexed="true" multiValued="true" termVectors="true" omitNorms="false" />
<dynamicField name="ts_X3b_nb_*" type="text_nb" stored="true" indexed="true" multiValued="false" termVectors="true" omitNorms="false" />
<dynamicField name="tm_X3b_nb_*" type="text_nb" stored="true" indexed="true" multiValued="true" termVectors="true" omitNorms="false" />
<dynamicField name="tos_X3b_nb_*" type="text_nb" stored="true" indexed="true" multiValued="false" termVectors="true" omitNorms="true" />
<dynamicField name="tom_X3b_nb_*" type="text_nb" stored="true" indexed="true" multiValued="true" termVectors="true" omitNorms="true" />
<dynamicField name="tus_X3b_nb_*" type="text_unstemmed_nb" stored="true" indexed="true" multiValued="false" termVectors="true" omitNorms="false" />
<dynamicField name="tum_X3b_nb_*" type="text_unstemmed_nb" stored="true" indexed="true" multiValued="true" termVectors="true" omitNorms="false" />
<dynamicField name="sort_X3b_nb_*" type="collated_nb" stored="false" indexed="false" docValues="true" useDocValuesAsStored="false" />
<dynamicField name="ts_X3b_nn_*" type="text_nn" stored="true" indexed="true" multiValued="false" termVectors="true" omitNorms="false" />
<dynamicField name="tm_X3b_nn_*" type="text_nn" stored="true" indexed="true" multiValued="true" termVectors="true" omitNorms="false" />
<dynamicField name="tos_X3b_nn_*" type="text_nn" stored="true" indexed="true" multiValued="false" termVectors="true" omitNorms="true" />
<dynamicField name="tom_X3b_nn_*" type="text_nn" stored="true" indexed="true" multiValued="true" termVectors="true" omitNorms="true" />
<dynamicField name="tus_X3b_nn_*" type="text_unstemmed_nn" stored="true" indexed="true" multiValued="false" termVectors="true" omitNorms="false" />
<dynamicField name="tum_X3b_nn_*" type="text_unstemmed_nn" stored="true" indexed="true" multiValued="true" termVectors="true" omitNorms="false" />
<dynamicField name="sort_X3b_nn_*" type="collated_nn" stored="false" indexed="false" docValues="true" useDocValuesAsStored="false" />
<dynamicField name="ts_X3b_fa_*" type="text_fa" stored="true" indexed="true" multiValued="false" termVectors="true" omitNorms="false" />
<dynamicField name="tm_X3b_fa_*" type="text_fa" stored="true" indexed="true" multiValued="true" termVectors="true" omitNorms="false" />
<dynamicField name="tos_X3b_fa_*" type="text_fa" stored="true" indexed="true" multiValued="false" termVectors="true" omitNorms="true" />
<dynamicField name="tom_X3b_fa_*" type="text_fa" stored="true" indexed="true" multiValued="true" termVectors="true" omitNorms="true" />
<dynamicField name="tus_X3b_fa_*" type="text_unstemmed_fa" stored="true" indexed="true" multiValued="false" termVectors="true" omitNorms="false" />
<dynamicField name="tum_X3b_fa_*" type="text_unstemmed_fa" stored="true" indexed="true" multiValued="true" termVectors="true" omitNorms="false" />
<dynamicField name="sort_X3b_fa_*" type="collated_fa" stored="false" indexed="false" docValues="true" useDocValuesAsStored="false" />
<dynamicField name="ts_X3b_pl_*" type="text_pl" stored="true" indexed="true" multiValued="false" termVectors="true" omitNorms="false" />
<dynamicField name="tm_X3b_pl_*" type="text_pl" stored="true" indexed="true" multiValued="true" termVectors="true" omitNorms="false" />
<dynamicField name="tos_X3b_pl_*" type="text_pl" stored="true" indexed="true" multiValued="false" termVectors="true" omitNorms="true" />
<dynamicField name="tom_X3b_pl_*" type="text_pl" stored="true" indexed="true" multiValued="true" termVectors="true" omitNorms="true" />
<dynamicField name="tus_X3b_pl_*" type="text_unstemmed_pl" stored="true" indexed="true" multiValued="false" termVectors="true" omitNorms="false" />
<dynamicField name="tum_X3b_pl_*" type="text_unstemmed_pl" stored="true" indexed="true" multiValued="true" termVectors="true" omitNorms="false" />
<dynamicField name="sort_X3b_pl_*" type="collated_pl" stored="false" indexed="false" docValues="true" useDocValuesAsStored="false" />
<dynamicField name="ts_X3b_pt_X2d_br_*" type="text_pt_br" stored="true" indexed="true" multiValued="false" termVectors="true" omitNorms="false" />
<dynamicField name="tm_X3b_pt_X2d_br_*" type="text_pt_br" stored="true" indexed="true" multiValued="true" termVectors="true" omitNorms="false" />
<dynamicField name="tos_X3b_pt_X2d_br_*" type="text_pt_br" stored="true" indexed="true" multiValued="false" termVectors="true" omitNorms="true" />
<dynamicField name="tom_X3b_pt_X2d_br_*" type="text_pt_br" stored="true" indexed="true" multiValued="true" termVectors="true" omitNorms="true" />
<dynamicField name="tus_X3b_pt_X2d_br_*" type="text_unstemmed_pt_br" stored="true" indexed="true" multiValued="false" termVectors="true" omitNorms="false" />
<dynamicField name="tum_X3b_pt_X2d_br_*" type="text_unstemmed_pt_br" stored="true" indexed="true" multiValued="true" termVectors="true" omitNorms="false" />
<dynamicField name="sort_X3b_pt_X2d_br_*" type="collated_pt_br" stored="false" indexed="false" docValues="true" useDocValuesAsStored="false" />
<dynamicField name="ts_X3b_pt_X2d_pt_*" type="text_pt_pt" stored="true" indexed="true" multiValued="false" termVectors="true" omitNorms="false" />
<dynamicField name="tm_X3b_pt_X2d_pt_*" type="text_pt_pt" stored="true" indexed="true" multiValued="true" termVectors="true" omitNorms="false" />
<dynamicField name="tos_X3b_pt_X2d_pt_*" type="text_pt_pt" stored="true" indexed="true" multiValued="false" termVectors="true" omitNorms="true" />
<dynamicField name="tom_X3b_pt_X2d_pt_*" type="text_pt_pt" stored="true" indexed="true" multiValued="true" termVectors="true" omitNorms="true" />
<dynamicField name="tus_X3b_pt_X2d_pt_*" type="text_unstemmed_pt_pt" stored="true" indexed="true" multiValued="false" termVectors="true" omitNorms="false" />
<dynamicField name="tum_X3b_pt_X2d_pt_*" type="text_unstemmed_pt_pt" stored="true" indexed="true" multiValued="true" termVectors="true" omitNorms="false" />
<dynamicField name="sort_X3b_pt_X2d_pt_*" type="collated_pt_pt" stored="false" indexed="false" docValues="true" useDocValuesAsStored="false" />
<dynamicField name="ts_X3b_ro_*" type="text_ro" stored="true" indexed="true" multiValued="false" termVectors="true" omitNorms="false" />
<dynamicField name="tm_X3b_ro_*" type="text_ro" stored="true" indexed="true" multiValued="true" termVectors="true" omitNorms="false" />
<dynamicField name="tos_X3b_ro_*" type="text_ro" stored="true" indexed="true" multiValued="false" termVectors="true" omitNorms="true" />
<dynamicField name="tom_X3b_ro_*" type="text_ro" stored="true" indexed="true" multiValued="true" termVectors="true" omitNorms="true" />
<dynamicField name="tus_X3b_ro_*" type="text_unstemmed_ro" stored="true" indexed="true" multiValued="false" termVectors="true" omitNorms="false" />
<dynamicField name="tum_X3b_ro_*" type="text_unstemmed_ro" stored="true" indexed="true" multiValued="true" termVectors="true" omitNorms="false" />
<dynamicField name="sort_X3b_ro_*" type="collated_ro" stored="false" indexed="false" docValues="true" useDocValuesAsStored="false" />
<dynamicField name="ts_X3b_ru_*" type="text_ru" stored="true" indexed="true" multiValued="false" termVectors="true" omitNorms="false" />
<dynamicField name="tm_X3b_ru_*" type="text_ru" stored="true" indexed="true" multiValued="true" termVectors="true" omitNorms="false" />
<dynamicField name="tos_X3b_ru_*" type="text_ru" stored="true" indexed="true" multiValued="false" termVectors="true" omitNorms="true" />
<dynamicField name="tom_X3b_ru_*" type="text_ru" stored="true" indexed="true" multiValued="true" termVectors="true" omitNorms="true" />
<dynamicField name="tus_X3b_ru_*" type="text_unstemmed_ru" stored="true" indexed="true" multiValued="false" termVectors="true" omitNorms="false" />
<dynamicField name="tum_X3b_ru_*" type="text_unstemmed_ru" stored="true" indexed="true" multiValued="true" termVectors="true" omitNorms="false" />
<dynamicField name="sort_X3b_ru_*" type="collated_ru" stored="false" indexed="false" docValues="true" useDocValuesAsStored="false" />
<dynamicField name="ts_X3b_sr_*" type="text_sr" stored="true" indexed="true" multiValued="false" termVectors="true" omitNorms="false" />
<dynamicField name="tm_X3b_sr_*" type="text_sr" stored="true" indexed="true" multiValued="true" termVectors="true" omitNorms="false" />
<dynamicField name="tos_X3b_sr_*" type="text_sr" stored="true" indexed="true" multiValued="false" termVectors="true" omitNorms="true" />
<dynamicField name="tom_X3b_sr_*" type="text_sr" stored="true" indexed="true" multiValued="true" termVectors="true" omitNorms="true" />
<dynamicField name="tus_X3b_sr_*" type="text_unstemmed_sr" stored="true" indexed="true" multiValued="false" termVectors="true" omitNorms="false" />
<dynamicField name="tum_X3b_sr_*" type="text_unstemmed_sr" stored="true" indexed="true" multiValued="true" termVectors="true" omitNorms="false" />
<dynamicField name="sort_X3b_sr_*" type="collated_sr" stored="false" indexed="false" docValues="true" useDocValuesAsStored="false" />
<dynamicField name="ts_X3b_zh_X2d_hans_*" type="text_zh_hans" stored="true" indexed="true" multiValued="false" termVectors="true" omitNorms="false" />
<dynamicField name="tm_X3b_zh_X2d_hans_*" type="text_zh_hans" stored="true" indexed="true" multiValued="true" termVectors="true" omitNorms="false" />
<dynamicField name="tos_X3b_zh_X2d_hans_*" type="text_zh_hans" stored="true" indexed="true" multiValued="false" termVectors="true" omitNorms="true" />
<dynamicField name="tom_X3b_zh_X2d_hans_*" type="text_zh_hans" stored="true" indexed="true" multiValued="true" termVectors="true" omitNorms="true" />
<dynamicField name="tus_X3b_zh_X2d_hans_*" type="text_unstemmed_zh_hans" stored="true" indexed="true" multiValued="false" termVectors="true" omitNorms="false" />
<dynamicField name="tum_X3b_zh_X2d_hans_*" type="text_unstemmed_zh_hans" stored="true" indexed="true" multiValued="true" termVectors="true" omitNorms="false" />
<dynamicField name="spellcheck_zh_hans*" type="text_spell_zh_hans" stored="true" indexed="true" multiValued="true" termVectors="true" omitNorms="true" />
<dynamicField name="sort_X3b_zh_X2d_hans_*" type="collated_zh_hans" stored="false" indexed="false" docValues="true" useDocValuesAsStored="false" />
<dynamicField name="ts_X3b_sk_*" type="text_sk" stored="true" indexed="true" multiValued="false" termVectors="true" omitNorms="false" />
<dynamicField name="tm_X3b_sk_*" type="text_sk" stored="true" indexed="true" multiValued="true" termVectors="true" omitNorms="false" />
<dynamicField name="tos_X3b_sk_*" type="text_sk" stored="true" indexed="true" multiValued="false" termVectors="true" omitNorms="true" />
<dynamicField name="tom_X3b_sk_*" type="text_sk" stored="true" indexed="true" multiValued="true" termVectors="true" omitNorms="true" />
<dynamicField name="tus_X3b_sk_*" type="text_unstemmed_sk" stored="true" indexed="true" multiValued="false" termVectors="true" omitNorms="false" />
<dynamicField name="tum_X3b_sk_*" type="text_unstemmed_sk" stored="true" indexed="true" multiValued="true" termVectors="true" omitNorms="false" />
<dynamicField name="sort_X3b_sk_*" type="collated_sk" stored="false" indexed="false" docValues="true" useDocValuesAsStored="false" />
<dynamicField name="ts_X3b_es_*" type="text_es" stored="true" indexed="true" multiValued="false" termVectors="true" omitNorms="false" />
<dynamicField name="tm_X3b_es_*" type="text_es" stored="true" indexed="true" multiValued="true" termVectors="true" omitNorms="false" />
<dynamicField name="tos_X3b_es_*" type="text_es" stored="true" indexed="true" multiValued="false" termVectors="true" omitNorms="true" />
<dynamicField name="tom_X3b_es_*" type="text_es" stored="true" indexed="true" multiValued="true" termVectors="true" omitNorms="true" />
<dynamicField name="tus_X3b_es_*" type="text_unstemmed_es" stored="true" indexed="true" multiValued="false" termVectors="true" omitNorms="false" />
<dynamicField name="tum_X3b_es_*" type="text_unstemmed_es" stored="true" indexed="true" multiValued="true" termVectors="true" omitNorms="false" />
<dynamicField name="sort_X3b_es_*" type="collated_es" stored="false" indexed="false" docValues="true" useDocValuesAsStored="false" />
<dynamicField name="ts_X3b_sv_*" type="text_sv" stored="true" indexed="true" multiValued="false" termVectors="true" omitNorms="false" />
<dynamicField name="tm_X3b_sv_*" type="text_sv" stored="true" indexed="true" multiValued="true" termVectors="true" omitNorms="false" />
<dynamicField name="tos_X3b_sv_*" type="text_sv" stored="true" indexed="true" multiValued="false" termVectors="true" omitNorms="true" />
<dynamicField name="tom_X3b_sv_*" type="text_sv" stored="true" indexed="true" multiValued="true" termVectors="true" omitNorms="true" />
<dynamicField name="tus_X3b_sv_*" type="text_unstemmed_sv" stored="true" indexed="true" multiValued="false" termVectors="true" omitNorms="false" />
<dynamicField name="tum_X3b_sv_*" type="text_unstemmed_sv" stored="true" indexed="true" multiValued="true" termVectors="true" omitNorms="false" />
<dynamicField name="sort_X3b_sv_*" type="collated_sv" stored="false" indexed="false" docValues="true" useDocValuesAsStored="false" />
<dynamicField name="ts_X3b_th_*" type="text_th" stored="true" indexed="true" multiValued="false" termVectors="true" omitNorms="false" />
<dynamicField name="tm_X3b_th_*" type="text_th" stored="true" indexed="true" multiValued="true" termVectors="true" omitNorms="false" />
<dynamicField name="tos_X3b_th_*" type="text_th" stored="true" indexed="true" multiValued="false" termVectors="true" omitNorms="true" />
<dynamicField name="tom_X3b_th_*" type="text_th" stored="true" indexed="true" multiValued="true" termVectors="true" omitNorms="true" />
<dynamicField name="tus_X3b_th_*" type="text_th" stored="true" indexed="true" multiValued="false" termVectors="true" omitNorms="false" />
<dynamicField name="tum_X3b_th_*" type="text_th" stored="true" indexed="true" multiValued="true" termVectors="true" omitNorms="false" />
<dynamicField name="spellcheck_th*" type="text_spell_th" stored="true" indexed="true" multiValued="true" termVectors="true" omitNorms="true" />
<dynamicField name="sort_X3b_th_*" type="collated_th" stored="false" indexed="false" docValues="true" useDocValuesAsStored="false" />
<dynamicField name="ts_X3b_zh_X2d_hant_*" type="text_zh_hant" stored="true" indexed="true" multiValued="false" termVectors="true" omitNorms="false" />
<dynamicField name="tm_X3b_zh_X2d_hant_*" type="text_zh_hant" stored="true" indexed="true" multiValued="true" termVectors="true" omitNorms="false" />
<dynamicField name="tos_X3b_zh_X2d_hant_*" type="text_zh_hant" stored="true" indexed="true" multiValued="false" termVectors="true" omitNorms="true" />
<dynamicField name="tom_X3b_zh_X2d_hant_*" type="text_zh_hant" stored="true" indexed="true" multiValued="true" termVectors="true" omitNorms="true" />
<dynamicField name="tus_X3b_zh_X2d_hant_*" type="text_zh_hant" stored="true" indexed="true" multiValued="false" termVectors="true" omitNorms="false" />
<dynamicField name="tum_X3b_zh_X2d_hant_*" type="text_zh_hant" stored="true" indexed="true" multiValued="true" termVectors="true" omitNorms="false" />
<dynamicField name="spellcheck_zh_hant*" type="text_spell_zh_hant" stored="true" indexed="true" multiValued="true" termVectors="true" omitNorms="true" />
<dynamicField name="sort_X3b_zh_X2d_hant_*" type="collated_zh_hant" stored="false" indexed="false" docValues="true" useDocValuesAsStored="false" />
<dynamicField name="ts_X3b_tr_*" type="text_tr" stored="true" indexed="true" multiValued="false" termVectors="true" omitNorms="false" />
<dynamicField name="tm_X3b_tr_*" type="text_tr" stored="true" indexed="true" multiValued="true" termVectors="true" omitNorms="false" />
<dynamicField name="tos_X3b_tr_*" type="text_tr" stored="true" indexed="true" multiValued="false" termVectors="true" omitNorms="true" />
<dynamicField name="tom_X3b_tr_*" type="text_tr" stored="true" indexed="true" multiValued="true" termVectors="true" omitNorms="true" />
<dynamicField name="tus_X3b_tr_*" type="text_unstemmed_tr" stored="true" indexed="true" multiValued="false" termVectors="true" omitNorms="false" />
<dynamicField name="tum_X3b_tr_*" type="text_unstemmed_tr" stored="true" indexed="true" multiValued="true" termVectors="true" omitNorms="false" />
<dynamicField name="spellcheck_tr*" type="text_spell_tr" stored="true" indexed="true" multiValued="true" termVectors="true" omitNorms="true" />
<dynamicField name="sort_X3b_tr_*" type="collated_tr" stored="false" indexed="false" docValues="true" useDocValuesAsStored="false" />
<dynamicField name="ts_X3b_uk_*" type="text_uk" stored="true" indexed="true" multiValued="false" termVectors="true" omitNorms="false" />
<dynamicField name="tm_X3b_uk_*" type="text_uk" stored="true" indexed="true" multiValued="true" termVectors="true" omitNorms="false" />
<dynamicField name="tos_X3b_uk_*" type="text_uk" stored="true" indexed="true" multiValued="false" termVectors="true" omitNorms="true" />
<dynamicField name="tom_X3b_uk_*" type="text_uk" stored="true" indexed="true" multiValued="true" termVectors="true" omitNorms="true" />
<dynamicField name="tus_X3b_uk_*" type="text_unstemmed_uk" stored="true" indexed="true" multiValued="false" termVectors="true" omitNorms="false" />
<dynamicField name="tum_X3b_uk_*" type="text_unstemmed_uk" stored="true" indexed="true" multiValued="true" termVectors="true" omitNorms="false" />
<dynamicField name="sort_X3b_uk_*" type="collated_uk" stored="false" indexed="false" docValues="true" useDocValuesAsStored="false" />
