<searchComponent name="spellcheck" class="solr.SpellCheckComponent">
    <lst name="spellchecker">
      <str name="name">ar</str>
      <str name="field">spellcheck_ar</str>
      <str name="classname">solr.DirectSolrSpellChecker</str>
      <str name="distanceMeasure">internal</str>
      <str name="accuracy">0.5</str>
      <str name="maxEdits">2</str>
      <str name="minPrefix">1</str>
      <str name="maxInspections">5</str>
      <str name="minQueryLength">4</str>
      <str name="maxQueryFrequency">0.01</str>
      <str name="thresholdTokenFrequency">.01</str>
      <str name="onlyMorePopular">true</str>
    </lst>
  
    <lst name="spellchecker">
      <str name="name">bg</str>
      <str name="field">spellcheck_bg</str>
      <str name="classname">solr.DirectSolrSpellChecker</str>
      <str name="distanceMeasure">internal</str>
      <str name="accuracy">0.5</str>
      <str name="maxEdits">2</str>
      <str name="minPrefix">1</str>
      <str name="maxInspections">5</str>
      <str name="minQueryLength">4</str>
      <str name="maxQueryFrequency">0.01</str>
      <str name="thresholdTokenFrequency">.01</str>
      <str name="onlyMorePopular">true</str>
    </lst>
  
    <lst name="spellchecker">
      <str name="name">ca</str>
      <str name="field">spellcheck_ca</str>
      <str name="classname">solr.DirectSolrSpellChecker</str>
      <str name="distanceMeasure">internal</str>
      <str name="accuracy">0.5</str>
      <str name="maxEdits">2</str>
      <str name="minPrefix">1</str>
      <str name="maxInspections">5</str>
      <str name="minQueryLength">4</str>
      <str name="maxQueryFrequency">0.01</str>
      <str name="thresholdTokenFrequency">.01</str>
      <str name="onlyMorePopular">true</str>
    </lst>
  
    <lst name="spellchecker">
      <str name="name">hr</str>
      <str name="field">spellcheck_hr</str>
      <str name="classname">solr.DirectSolrSpellChecker</str>
      <str name="distanceMeasure">internal</str>
      <str name="accuracy">0.5</str>
      <str name="maxEdits">2</str>
      <str name="minPrefix">1</str>
      <str name="maxInspections">5</str>
      <str name="minQueryLength">4</str>
      <str name="maxQueryFrequency">0.01</str>
      <str name="thresholdTokenFrequency">.01</str>
      <str name="onlyMorePopular">true</str>
    </lst>
  
    <lst name="spellchecker">
      <str name="name">cs</str>
      <str name="field">spellcheck_cs</str>
      <str name="classname">solr.DirectSolrSpellChecker</str>
      <str name="distanceMeasure">internal</str>
      <str name="accuracy">0.5</str>
      <str name="maxEdits">2</str>
      <str name="minPrefix">1</str>
      <str name="maxInspections">5</str>
      <str name="minQueryLength">4</str>
      <str name="maxQueryFrequency">0.01</str>
      <str name="thresholdTokenFrequency">.01</str>
      <str name="onlyMorePopular">true</str>
    </lst>
  
    <lst name="spellchecker">
      <str name="name">da</str>
      <str name="field">spellcheck_da</str>
      <str name="classname">solr.DirectSolrSpellChecker</str>
      <str name="distanceMeasure">internal</str>
      <str name="accuracy">0.5</str>
      <str name="maxEdits">2</str>
      <str name="minPrefix">1</str>
      <str name="maxInspections">5</str>
      <str name="minQueryLength">4</str>
      <str name="maxQueryFrequency">0.01</str>
      <str name="thresholdTokenFrequency">.01</str>
      <str name="onlyMorePopular">true</str>
    </lst>
  
    <lst name="spellchecker">
      <str name="name">nl</str>
      <str name="field">spellcheck_nl</str>
      <str name="classname">solr.DirectSolrSpellChecker</str>
      <str name="distanceMeasure">internal</str>
      <str name="accuracy">0.5</str>
      <str name="maxEdits">2</str>
      <str name="minPrefix">1</str>
      <str name="maxInspections">5</str>
      <str name="minQueryLength">4</str>
      <str name="maxQueryFrequency">0.01</str>
      <str name="thresholdTokenFrequency">.01</str>
      <str name="onlyMorePopular">true</str>
    </lst>
  
    <lst name="spellchecker">
      <str name="name">en</str>
      <str name="field">spellcheck_en</str>
      <str name="classname">solr.DirectSolrSpellChecker</str>
      <str name="distanceMeasure">internal</str>
      <str name="accuracy">0.5</str>
      <str name="maxEdits">2</str>
      <str name="minPrefix">1</str>
      <str name="maxInspections">5</str>
      <str name="minQueryLength">4</str>
      <str name="maxQueryFrequency">0.01</str>
      <str name="thresholdTokenFrequency">.01</str>
      <str name="onlyMorePopular">true</str>
    </lst>
  
    <lst name="spellchecker">
      <str name="name">fi</str>
      <str name="field">spellcheck_fi</str>
      <str name="classname">solr.DirectSolrSpellChecker</str>
      <str name="distanceMeasure">internal</str>
      <str name="accuracy">0.5</str>
      <str name="maxEdits">2</str>
      <str name="minPrefix">1</str>
      <str name="maxInspections">5</str>
      <str name="minQueryLength">4</str>
      <str name="maxQueryFrequency">0.01</str>
      <str name="thresholdTokenFrequency">.01</str>
      <str name="onlyMorePopular">true</str>
    </lst>
  
    <lst name="spellchecker">
      <str name="name">fr</str>
      <str name="field">spellcheck_fr</str>
      <str name="classname">solr.DirectSolrSpellChecker</str>
      <str name="distanceMeasure">internal</str>
      <str name="accuracy">0.5</str>
      <str name="maxEdits">2</str>
      <str name="minPrefix">1</str>
      <str name="maxInspections">5</str>
      <str name="minQueryLength">4</str>
      <str name="maxQueryFrequency">0.01</str>
      <str name="thresholdTokenFrequency">.01</str>
      <str name="onlyMorePopular">true</str>
    </lst>
  
    <lst name="spellchecker">
      <str name="name">de</str>
      <str name="field">spellcheck_de</str>
      <str name="classname">solr.DirectSolrSpellChecker</str>
      <str name="distanceMeasure">internal</str>
      <str name="accuracy">0.5</str>
      <str name="maxEdits">2</str>
      <str name="minPrefix">1</str>
      <str name="maxInspections">5</str>
      <str name="minQueryLength">4</str>
      <str name="maxQueryFrequency">0.01</str>
      <str name="thresholdTokenFrequency">.01</str>
      <str name="onlyMorePopular">true</str>
    </lst>
  
    <lst name="spellchecker">
      <str name="name">el</str>
      <str name="field">spellcheck_el</str>
      <str name="classname">solr.DirectSolrSpellChecker</str>
      <str name="distanceMeasure">internal</str>
      <str name="accuracy">0.5</str>
      <str name="maxEdits">2</str>
      <str name="minPrefix">1</str>
      <str name="maxInspections">5</str>
      <str name="minQueryLength">4</str>
      <str name="maxQueryFrequency">0.01</str>
      <str name="thresholdTokenFrequency">.01</str>
      <str name="onlyMorePopular">true</str>
    </lst>
  
    <lst name="spellchecker">
      <str name="name">hi</str>
      <str name="field">spellcheck_hi</str>
      <str name="classname">solr.DirectSolrSpellChecker</str>
      <str name="distanceMeasure">internal</str>
      <str name="accuracy">0.5</str>
      <str name="maxEdits">2</str>
      <str name="minPrefix">1</str>
      <str name="maxInspections">5</str>
      <str name="minQueryLength">4</str>
      <str name="maxQueryFrequency">0.01</str>
      <str name="thresholdTokenFrequency">.01</str>
      <str name="onlyMorePopular">true</str>
    </lst>
  
    <lst name="spellchecker">
      <str name="name">hu</str>
      <str name="field">spellcheck_hu</str>
      <str name="classname">solr.DirectSolrSpellChecker</str>
      <str name="distanceMeasure">internal</str>
      <str name="accuracy">0.5</str>
      <str name="maxEdits">2</str>
      <str name="minPrefix">1</str>
      <str name="maxInspections">5</str>
      <str name="minQueryLength">4</str>
      <str name="maxQueryFrequency">0.01</str>
      <str name="thresholdTokenFrequency">.01</str>
      <str name="onlyMorePopular">true</str>
    </lst>
  
    <lst name="spellchecker">
      <str name="name">id</str>
      <str name="field">spellcheck_id</str>
      <str name="classname">solr.DirectSolrSpellChecker</str>
      <str name="distanceMeasure">internal</str>
      <str name="accuracy">0.5</str>
      <str name="maxEdits">2</str>
      <str name="minPrefix">1</str>
      <str name="maxInspections">5</str>
      <str name="minQueryLength">4</str>
      <str name="maxQueryFrequency">0.01</str>
      <str name="thresholdTokenFrequency">.01</str>
      <str name="onlyMorePopular">true</str>
    </lst>
  
    <lst name="spellchecker">
      <str name="name">it</str>
      <str name="field">spellcheck_it</str>
      <str name="classname">solr.DirectSolrSpellChecker</str>
      <str name="distanceMeasure">internal</str>
      <str name="accuracy">0.5</str>
      <str name="maxEdits">2</str>
      <str name="minPrefix">1</str>
      <str name="maxInspections">5</str>
      <str name="minQueryLength">4</str>
      <str name="maxQueryFrequency">0.01</str>
      <str name="thresholdTokenFrequency">.01</str>
      <str name="onlyMorePopular">true</str>
    </lst>
  
    <lst name="spellchecker">
      <str name="name">ja</str>
      <str name="field">spellcheck_ja</str>
      <str name="classname">solr.DirectSolrSpellChecker</str>
      <str name="distanceMeasure">internal</str>
      <str name="accuracy">0.5</str>
      <str name="maxEdits">1</str>
      <str name="minPrefix">1</str>
      <str name="maxInspections">5</str>
      <str name="minQueryLength">1</str>
      <str name="maxQueryFrequency">0.01</str>
      <str name="onlyMorePopular">true</str>
    </lst>
  
    <lst name="spellchecker">
      <str name="name">und</str>
      <str name="field">spellcheck_und</str>
      <str name="classname">solr.DirectSolrSpellChecker</str>
      <str name="distanceMeasure">internal</str>
      <str name="accuracy">0.5</str>
      <str name="maxEdits">2</str>
      <str name="minPrefix">1</str>
      <str name="maxInspections">5</str>
      <str name="minQueryLength">4</str>
      <str name="maxQueryFrequency">0.01</str>
      <str name="thresholdTokenFrequency">.01</str>
      <str name="onlyMorePopular">true</str>
    </lst>
  
    <lst name="spellchecker">
      <str name="name">lv</str>
      <str name="field">spellcheck_lv</str>
      <str name="classname">solr.DirectSolrSpellChecker</str>
      <str name="distanceMeasure">internal</str>
      <str name="accuracy">0.5</str>
      <str name="maxEdits">2</str>
      <str name="minPrefix">1</str>
      <str name="maxInspections">5</str>
      <str name="minQueryLength">4</str>
      <str name="maxQueryFrequency">0.01</str>
      <str name="thresholdTokenFrequency">.01</str>
      <str name="onlyMorePopular">true</str>
    </lst>
  
    <lst name="spellchecker">
      <str name="name">nb</str>
      <str name="field">spellcheck_nb</str>
      <str name="classname">solr.DirectSolrSpellChecker</str>
      <str name="distanceMeasure">internal</str>
      <str name="accuracy">0.5</str>
      <str name="maxEdits">2</str>
      <str name="minPrefix">1</str>
      <str name="maxInspections">5</str>
      <str name="minQueryLength">4</str>
      <str name="maxQueryFrequency">0.01</str>
      <str name="thresholdTokenFrequency">.01</str>
      <str name="onlyMorePopular">true</str>
    </lst>
  
    <lst name="spellchecker">
      <str name="name">nn</str>
      <str name="field">spellcheck_nn</str>
      <str name="classname">solr.DirectSolrSpellChecker</str>
      <str name="distanceMeasure">internal</str>
      <str name="accuracy">0.5</str>
      <str name="maxEdits">2</str>
      <str name="minPrefix">1</str>
      <str name="maxInspections">5</str>
      <str name="minQueryLength">4</str>
      <str name="maxQueryFrequency">0.01</str>
      <str name="thresholdTokenFrequency">.01</str>
      <str name="onlyMorePopular">true</str>
    </lst>
  
    <lst name="spellchecker">
      <str name="name">fa</str>
      <str name="field">spellcheck_fa</str>
      <str name="classname">solr.DirectSolrSpellChecker</str>
      <str name="distanceMeasure">internal</str>
      <str name="accuracy">0.5</str>
      <str name="maxEdits">2</str>
      <str name="minPrefix">1</str>
      <str name="maxInspections">5</str>
      <str name="minQueryLength">4</str>
      <str name="maxQueryFrequency">0.01</str>
      <str name="thresholdTokenFrequency">.01</str>
      <str name="onlyMorePopular">true</str>
    </lst>
  
    <lst name="spellchecker">
      <str name="name">pl</str>
      <str name="field">spellcheck_pl</str>
      <str name="classname">solr.DirectSolrSpellChecker</str>
      <str name="distanceMeasure">internal</str>
      <str name="accuracy">0.5</str>
      <str name="maxEdits">2</str>
      <str name="minPrefix">1</str>
      <str name="maxInspections">5</str>
      <str name="minQueryLength">4</str>
      <str name="maxQueryFrequency">0.01</str>
      <str name="thresholdTokenFrequency">.01</str>
      <str name="onlyMorePopular">true</str>
    </lst>
  
    <lst name="spellchecker">
      <str name="name">pt_br</str>
      <str name="field">spellcheck_pt_br</str>
      <str name="classname">solr.DirectSolrSpellChecker</str>
      <str name="distanceMeasure">internal</str>
      <str name="accuracy">0.5</str>
      <str name="maxEdits">2</str>
      <str name="minPrefix">1</str>
      <str name="maxInspections">5</str>
      <str name="minQueryLength">4</str>
      <str name="maxQueryFrequency">0.01</str>
      <str name="thresholdTokenFrequency">.01</str>
      <str name="onlyMorePopular">true</str>
    </lst>
  
    <lst name="spellchecker">
      <str name="name">pt_pt</str>
      <str name="field">spellcheck_pt_pt</str>
      <str name="classname">solr.DirectSolrSpellChecker</str>
      <str name="distanceMeasure">internal</str>
      <str name="accuracy">0.5</str>
      <str name="maxEdits">2</str>
      <str name="minPrefix">1</str>
      <str name="maxInspections">5</str>
      <str name="minQueryLength">4</str>
      <str name="maxQueryFrequency">0.01</str>
      <str name="thresholdTokenFrequency">.01</str>
      <str name="onlyMorePopular">true</str>
    </lst>
  
    <lst name="spellchecker">
      <str name="name">ro</str>
      <str name="field">spellcheck_ro</str>
      <str name="classname">solr.DirectSolrSpellChecker</str>
      <str name="distanceMeasure">internal</str>
      <str name="accuracy">0.5</str>
      <str name="maxEdits">2</str>
      <str name="minPrefix">1</str>
      <str name="maxInspections">5</str>
      <str name="minQueryLength">4</str>
      <str name="maxQueryFrequency">0.01</str>
      <str name="thresholdTokenFrequency">.01</str>
      <str name="onlyMorePopular">true</str>
    </lst>
  
    <lst name="spellchecker">
      <str name="name">ru</str>
      <str name="field">spellcheck_ru</str>
      <str name="classname">solr.DirectSolrSpellChecker</str>
      <str name="distanceMeasure">internal</str>
      <str name="accuracy">0.5</str>
      <str name="maxEdits">2</str>
      <str name="minPrefix">1</str>
      <str name="maxInspections">5</str>
      <str name="minQueryLength">4</str>
      <str name="maxQueryFrequency">0.01</str>
      <str name="thresholdTokenFrequency">.01</str>
      <str name="onlyMorePopular">true</str>
    </lst>
  
    <lst name="spellchecker">
      <str name="name">sr</str>
      <str name="field">spellcheck_sr</str>
      <str name="classname">solr.DirectSolrSpellChecker</str>
      <str name="distanceMeasure">internal</str>
      <str name="accuracy">0.5</str>
      <str name="maxEdits">2</str>
      <str name="minPrefix">1</str>
      <str name="maxInspections">5</str>
      <str name="minQueryLength">4</str>
      <str name="maxQueryFrequency">0.01</str>
      <str name="thresholdTokenFrequency">.01</str>
      <str name="onlyMorePopular">true</str>
    </lst>
  
    <lst name="spellchecker">
      <str name="name">zh_hans</str>
      <str name="field">spellcheck_zh_hans</str>
      <str name="classname">solr.DirectSolrSpellChecker</str>
      <str name="distanceMeasure">internal</str>
      <str name="accuracy">0.5</str>
      <str name="maxEdits">1</str>
      <str name="minPrefix">1</str>
      <str name="maxInspections">5</str>
      <str name="minQueryLength">1</str>
      <str name="maxQueryFrequency">0.01</str>
      <str name="onlyMorePopular">true</str>
    </lst>
  
    <lst name="spellchecker">
      <str name="name">sk</str>
      <str name="field">spellcheck_sk</str>
      <str name="classname">solr.DirectSolrSpellChecker</str>
      <str name="distanceMeasure">internal</str>
      <str name="accuracy">0.5</str>
      <str name="maxEdits">2</str>
      <str name="minPrefix">1</str>
      <str name="maxInspections">5</str>
      <str name="minQueryLength">4</str>
      <str name="maxQueryFrequency">0.01</str>
      <str name="thresholdTokenFrequency">.01</str>
      <str name="onlyMorePopular">true</str>
    </lst>
  
    <lst name="spellchecker">
      <str name="name">es</str>
      <str name="field">spellcheck_es</str>
      <str name="classname">solr.DirectSolrSpellChecker</str>
      <str name="distanceMeasure">internal</str>
      <str name="accuracy">0.5</str>
      <str name="maxEdits">2</str>
      <str name="minPrefix">1</str>
      <str name="maxInspections">5</str>
      <str name="minQueryLength">4</str>
      <str name="maxQueryFrequency">0.01</str>
      <str name="thresholdTokenFrequency">.01</str>
      <str name="onlyMorePopular">true</str>
    </lst>
  
    <lst name="spellchecker">
      <str name="name">sv</str>
      <str name="field">spellcheck_sv</str>
      <str name="classname">solr.DirectSolrSpellChecker</str>
      <str name="distanceMeasure">internal</str>
      <str name="accuracy">0.5</str>
      <str name="maxEdits">2</str>
      <str name="minPrefix">1</str>
      <str name="maxInspections">5</str>
      <str name="minQueryLength">4</str>
      <str name="maxQueryFrequency">0.01</str>
      <str name="thresholdTokenFrequency">.01</str>
      <str name="onlyMorePopular">true</str>
    </lst>
  
    <lst name="spellchecker">
      <str name="name">th</str>
      <str name="field">spellcheck_th</str>
      <str name="classname">solr.DirectSolrSpellChecker</str>
      <str name="distanceMeasure">internal</str>
      <str name="accuracy">0.5</str>
      <str name="maxEdits">2</str>
      <str name="minPrefix">1</str>
      <str name="maxInspections">5</str>
      <str name="minQueryLength">4</str>
      <str name="maxQueryFrequency">0.01</str>
      <str name="thresholdTokenFrequency">.01</str>
      <str name="onlyMorePopular">true</str>
    </lst>
  
    <lst name="spellchecker">
      <str name="name">zh_hant</str>
      <str name="field">spellcheck_zh_hant</str>
      <str name="classname">solr.DirectSolrSpellChecker</str>
      <str name="distanceMeasure">internal</str>
      <str name="accuracy">0.5</str>
      <str name="maxEdits">1</str>
      <str name="minPrefix">1</str>
      <str name="maxInspections">5</str>
      <str name="minQueryLength">1</str>
      <str name="maxQueryFrequency">0.01</str>
      <str name="onlyMorePopular">true</str>
    </lst>
  
    <lst name="spellchecker">
      <str name="name">tr</str>
      <str name="field">spellcheck_tr</str>
      <str name="classname">solr.DirectSolrSpellChecker</str>
      <str name="distanceMeasure">internal</str>
      <str name="accuracy">0.5</str>
      <str name="maxEdits">2</str>
      <str name="minPrefix">1</str>
      <str name="maxInspections">5</str>
      <str name="minQueryLength">4</str>
      <str name="maxQueryFrequency">0.01</str>
      <str name="thresholdTokenFrequency">.01</str>
      <str name="onlyMorePopular">true</str>
    </lst>
  
    <lst name="spellchecker">
      <str name="name">uk</str>
      <str name="field">spellcheck_uk</str>
      <str name="classname">solr.DirectSolrSpellChecker</str>
      <str name="distanceMeasure">internal</str>
      <str name="accuracy">0.5</str>
      <str name="maxEdits">2</str>
      <str name="minPrefix">1</str>
      <str name="maxInspections">5</str>
      <str name="minQueryLength">4</str>
      <str name="maxQueryFrequency">0.01</str>
      <str name="thresholdTokenFrequency">.01</str>
      <str name="onlyMorePopular">true</str>
    </lst>
  </searchComponent>
<searchComponent name="suggest" class="solr.SuggestComponent">
    <lst name="suggester">
      <str name="name">ar</str>
      <str name="lookupImpl">AnalyzingInfixLookupFactory</str>
      <str name="dictionaryImpl">DocumentDictionaryFactory</str>
      <str name="field">twm_suggest</str>
      <str name="suggestAnalyzerFieldType">text_ar</str>
      <str name="contextField">sm_context_tags</str>
      <str name="buildOnCommit">true</str>
      <str name="buildOnStartup">false</str>
    </lst>
  
    <lst name="suggester">
      <str name="name">bg</str>
      <str name="lookupImpl">AnalyzingInfixLookupFactory</str>
      <str name="dictionaryImpl">DocumentDictionaryFactory</str>
      <str name="field">twm_suggest</str>
      <str name="suggestAnalyzerFieldType">text_bg</str>
      <str name="contextField">sm_context_tags</str>
      <str name="buildOnCommit">true</str>
      <str name="buildOnStartup">false</str>
    </lst>
  
    <lst name="suggester">
      <str name="name">ca</str>
      <str name="lookupImpl">AnalyzingInfixLookupFactory</str>
      <str name="dictionaryImpl">DocumentDictionaryFactory</str>
      <str name="field">twm_suggest</str>
      <str name="suggestAnalyzerFieldType">text_ca</str>
      <str name="contextField">sm_context_tags</str>
      <str name="buildOnCommit">true</str>
      <str name="buildOnStartup">false</str>
    </lst>
  
    <lst name="suggester">
      <str name="name">hr</str>
      <str name="lookupImpl">AnalyzingInfixLookupFactory</str>
      <str name="dictionaryImpl">DocumentDictionaryFactory</str>
      <str name="field">twm_suggest</str>
      <str name="suggestAnalyzerFieldType">text_hr</str>
      <str name="contextField">sm_context_tags</str>
      <str name="buildOnCommit">true</str>
      <str name="buildOnStartup">false</str>
    </lst>
  
    <lst name="suggester">
      <str name="name">cs</str>
      <str name="lookupImpl">AnalyzingInfixLookupFactory</str>
      <str name="dictionaryImpl">DocumentDictionaryFactory</str>
      <str name="field">twm_suggest</str>
      <str name="suggestAnalyzerFieldType">text_cs</str>
      <str name="contextField">sm_context_tags</str>
      <str name="buildOnCommit">true</str>
      <str name="buildOnStartup">false</str>
    </lst>
  
    <lst name="suggester">
      <str name="name">da</str>
      <str name="lookupImpl">AnalyzingInfixLookupFactory</str>
      <str name="dictionaryImpl">DocumentDictionaryFactory</str>
      <str name="field">twm_suggest</str>
      <str name="suggestAnalyzerFieldType">text_da</str>
      <str name="contextField">sm_context_tags</str>
      <str name="buildOnCommit">true</str>
      <str name="buildOnStartup">false</str>
    </lst>
  
    <lst name="suggester">
      <str name="name">nl</str>
      <str name="lookupImpl">AnalyzingInfixLookupFactory</str>
      <str name="dictionaryImpl">DocumentDictionaryFactory</str>
      <str name="field">twm_suggest</str>
      <str name="suggestAnalyzerFieldType">text_nl</str>
      <str name="contextField">sm_context_tags</str>
      <str name="buildOnCommit">true</str>
      <str name="buildOnStartup">false</str>
    </lst>
  
    <lst name="suggester">
      <str name="name">en</str>
      <str name="lookupImpl">AnalyzingInfixLookupFactory</str>
      <str name="dictionaryImpl">DocumentDictionaryFactory</str>
      <str name="field">twm_suggest</str>
      <str name="suggestAnalyzerFieldType">text_en</str>
      <str name="contextField">sm_context_tags</str>
      <str name="buildOnCommit">true</str>
      <str name="buildOnStartup">false</str>
    </lst>
  
    <lst name="suggester">
      <str name="name">fi</str>
      <str name="lookupImpl">AnalyzingInfixLookupFactory</str>
      <str name="dictionaryImpl">DocumentDictionaryFactory</str>
      <str name="field">twm_suggest</str>
      <str name="suggestAnalyzerFieldType">text_fi</str>
      <str name="contextField">sm_context_tags</str>
      <str name="buildOnCommit">true</str>
      <str name="buildOnStartup">false</str>
    </lst>
  
    <lst name="suggester">
      <str name="name">fr</str>
      <str name="lookupImpl">AnalyzingInfixLookupFactory</str>
      <str name="dictionaryImpl">DocumentDictionaryFactory</str>
      <str name="field">twm_suggest</str>
      <str name="suggestAnalyzerFieldType">text_fr</str>
      <str name="contextField">sm_context_tags</str>
      <str name="buildOnCommit">true</str>
      <str name="buildOnStartup">false</str>
    </lst>
  
    <lst name="suggester">
      <str name="name">de</str>
      <str name="lookupImpl">AnalyzingInfixLookupFactory</str>
      <str name="dictionaryImpl">DocumentDictionaryFactory</str>
      <str name="field">twm_suggest</str>
      <str name="suggestAnalyzerFieldType">text_de</str>
      <str name="contextField">sm_context_tags</str>
      <str name="buildOnCommit">true</str>
      <str name="buildOnStartup">false</str>
    </lst>
  
    <lst name="suggester">
      <str name="name">el</str>
      <str name="lookupImpl">AnalyzingInfixLookupFactory</str>
      <str name="dictionaryImpl">DocumentDictionaryFactory</str>
      <str name="field">twm_suggest</str>
      <str name="suggestAnalyzerFieldType">text_el</str>
      <str name="contextField">sm_context_tags</str>
      <str name="buildOnCommit">true</str>
      <str name="buildOnStartup">false</str>
    </lst>
  
    <lst name="suggester">
      <str name="name">hi</str>
      <str name="lookupImpl">AnalyzingInfixLookupFactory</str>
      <str name="dictionaryImpl">DocumentDictionaryFactory</str>
      <str name="field">twm_suggest</str>
      <str name="suggestAnalyzerFieldType">text_hi</str>
      <str name="contextField">sm_context_tags</str>
      <str name="buildOnCommit">true</str>
      <str name="buildOnStartup">false</str>
    </lst>
  
    <lst name="suggester">
      <str name="name">hu</str>
      <str name="lookupImpl">AnalyzingInfixLookupFactory</str>
      <str name="dictionaryImpl">DocumentDictionaryFactory</str>
      <str name="field">twm_suggest</str>
      <str name="suggestAnalyzerFieldType">text_hu</str>
      <str name="contextField">sm_context_tags</str>
      <str name="buildOnCommit">true</str>
      <str name="buildOnStartup">false</str>
    </lst>
  
    <lst name="suggester">
      <str name="name">id</str>
      <str name="lookupImpl">AnalyzingInfixLookupFactory</str>
      <str name="dictionaryImpl">DocumentDictionaryFactory</str>
      <str name="field">twm_suggest</str>
      <str name="suggestAnalyzerFieldType">text_id</str>
      <str name="contextField">sm_context_tags</str>
      <str name="buildOnCommit">true</str>
      <str name="buildOnStartup">false</str>
    </lst>
  
    <lst name="suggester">
      <str name="name">it</str>
      <str name="lookupImpl">AnalyzingInfixLookupFactory</str>
      <str name="dictionaryImpl">DocumentDictionaryFactory</str>
      <str name="field">twm_suggest</str>
      <str name="suggestAnalyzerFieldType">text_it</str>
      <str name="contextField">sm_context_tags</str>
      <str name="buildOnCommit">true</str>
      <str name="buildOnStartup">false</str>
    </lst>
  
    <lst name="suggester">
      <str name="name">und</str>
      <str name="lookupImpl">AnalyzingInfixLookupFactory</str>
      <str name="dictionaryImpl">DocumentDictionaryFactory</str>
      <str name="field">twm_suggest</str>
      <str name="suggestAnalyzerFieldType">text_und</str>
      <str name="contextField">sm_context_tags</str>
      <str name="buildOnCommit">true</str>
      <str name="buildOnStartup">false</str>
    </lst>
  
    <lst name="suggester">
      <str name="name">lv</str>
      <str name="lookupImpl">AnalyzingInfixLookupFactory</str>
      <str name="dictionaryImpl">DocumentDictionaryFactory</str>
      <str name="field">twm_suggest</str>
      <str name="suggestAnalyzerFieldType">text_lv</str>
      <str name="contextField">sm_context_tags</str>
      <str name="buildOnCommit">true</str>
      <str name="buildOnStartup">false</str>
    </lst>
  
    <lst name="suggester">
      <str name="name">nb</str>
      <str name="lookupImpl">AnalyzingInfixLookupFactory</str>
      <str name="dictionaryImpl">DocumentDictionaryFactory</str>
      <str name="field">twm_suggest</str>
      <str name="suggestAnalyzerFieldType">text_nb</str>
      <str name="contextField">sm_context_tags</str>
      <str name="buildOnCommit">true</str>
      <str name="buildOnStartup">false</str>
    </lst>
  
    <lst name="suggester">
      <str name="name">nn</str>
      <str name="lookupImpl">AnalyzingInfixLookupFactory</str>
      <str name="dictionaryImpl">DocumentDictionaryFactory</str>
      <str name="field">twm_suggest</str>
      <str name="suggestAnalyzerFieldType">text_nn</str>
      <str name="contextField">sm_context_tags</str>
      <str name="buildOnCommit">true</str>
      <str name="buildOnStartup">false</str>
    </lst>
  
    <lst name="suggester">
      <str name="name">fa</str>
      <str name="lookupImpl">AnalyzingInfixLookupFactory</str>
      <str name="dictionaryImpl">DocumentDictionaryFactory</str>
      <str name="field">twm_suggest</str>
      <str name="suggestAnalyzerFieldType">text_fa</str>
      <str name="contextField">sm_context_tags</str>
      <str name="buildOnCommit">true</str>
      <str name="buildOnStartup">false</str>
    </lst>
  
    <lst name="suggester">
      <str name="name">pl</str>
      <str name="lookupImpl">AnalyzingInfixLookupFactory</str>
      <str name="dictionaryImpl">DocumentDictionaryFactory</str>
      <str name="field">twm_suggest</str>
      <str name="suggestAnalyzerFieldType">text_pl</str>
      <str name="contextField">sm_context_tags</str>
      <str name="buildOnCommit">true</str>
      <str name="buildOnStartup">false</str>
    </lst>
  
    <lst name="suggester">
      <str name="name">pt_br</str>
      <str name="lookupImpl">AnalyzingInfixLookupFactory</str>
      <str name="dictionaryImpl">DocumentDictionaryFactory</str>
      <str name="field">twm_suggest</str>
      <str name="suggestAnalyzerFieldType">text_pt_br</str>
      <str name="contextField">sm_context_tags</str>
      <str name="buildOnCommit">true</str>
      <str name="buildOnStartup">false</str>
    </lst>
  
    <lst name="suggester">
      <str name="name">pt_pt</str>
      <str name="lookupImpl">AnalyzingInfixLookupFactory</str>
      <str name="dictionaryImpl">DocumentDictionaryFactory</str>
      <str name="field">twm_suggest</str>
      <str name="suggestAnalyzerFieldType">text_pt_pt</str>
      <str name="contextField">sm_context_tags</str>
      <str name="buildOnCommit">true</str>
      <str name="buildOnStartup">false</str>
    </lst>
  
    <lst name="suggester">
      <str name="name">ro</str>
      <str name="lookupImpl">AnalyzingInfixLookupFactory</str>
      <str name="dictionaryImpl">DocumentDictionaryFactory</str>
      <str name="field">twm_suggest</str>
      <str name="suggestAnalyzerFieldType">text_ro</str>
      <str name="contextField">sm_context_tags</str>
      <str name="buildOnCommit">true</str>
      <str name="buildOnStartup">false</str>
    </lst>
  
    <lst name="suggester">
      <str name="name">ru</str>
      <str name="lookupImpl">AnalyzingInfixLookupFactory</str>
      <str name="dictionaryImpl">DocumentDictionaryFactory</str>
      <str name="field">twm_suggest</str>
      <str name="suggestAnalyzerFieldType">text_ru</str>
      <str name="contextField">sm_context_tags</str>
      <str name="buildOnCommit">true</str>
      <str name="buildOnStartup">false</str>
    </lst>
  
    <lst name="suggester">
      <str name="name">sr</str>
      <str name="lookupImpl">AnalyzingInfixLookupFactory</str>
      <str name="dictionaryImpl">DocumentDictionaryFactory</str>
      <str name="field">twm_suggest</str>
      <str name="suggestAnalyzerFieldType">text_sr</str>
      <str name="contextField">sm_context_tags</str>
      <str name="buildOnCommit">true</str>
      <str name="buildOnStartup">false</str>
    </lst>
  
    <lst name="suggester">
      <str name="name">sk</str>
      <str name="lookupImpl">AnalyzingInfixLookupFactory</str>
      <str name="dictionaryImpl">DocumentDictionaryFactory</str>
      <str name="field">twm_suggest</str>
      <str name="suggestAnalyzerFieldType">text_sk</str>
      <str name="contextField">sm_context_tags</str>
      <str name="buildOnCommit">true</str>
      <str name="buildOnStartup">false</str>
    </lst>
  
    <lst name="suggester">
      <str name="name">es</str>
      <str name="lookupImpl">AnalyzingInfixLookupFactory</str>
      <str name="dictionaryImpl">DocumentDictionaryFactory</str>
      <str name="field">twm_suggest</str>
      <str name="suggestAnalyzerFieldType">text_es</str>
      <str name="contextField">sm_context_tags</str>
      <str name="buildOnCommit">true</str>
      <str name="buildOnStartup">false</str>
    </lst>
  
    <lst name="suggester">
      <str name="name">sv</str>
      <str name="lookupImpl">AnalyzingInfixLookupFactory</str>
      <str name="dictionaryImpl">DocumentDictionaryFactory</str>
      <str name="field">twm_suggest</str>
      <str name="suggestAnalyzerFieldType">text_sv</str>
      <str name="contextField">sm_context_tags</str>
      <str name="buildOnCommit">true</str>
      <str name="buildOnStartup">false</str>
    </lst>
  
    <lst name="suggester">
      <str name="name">th</str>
      <str name="lookupImpl">AnalyzingInfixLookupFactory</str>
      <str name="dictionaryImpl">DocumentDictionaryFactory</str>
      <str name="field">twm_suggest</str>
      <str name="suggestAnalyzerFieldType">text_th</str>
      <str name="contextField">sm_context_tags</str>
      <str name="buildOnCommit">true</str>
      <str name="buildOnStartup">false</str>
    </lst>
  
    <lst name="suggester">
      <str name="name">tr</str>
      <str name="lookupImpl">AnalyzingInfixLookupFactory</str>
      <str name="dictionaryImpl">DocumentDictionaryFactory</str>
      <str name="field">twm_suggest</str>
      <str name="suggestAnalyzerFieldType">text_tr</str>
      <str name="contextField">sm_context_tags</str>
      <str name="buildOnCommit">true</str>
      <str name="buildOnStartup">false</str>
    </lst>
  
    <lst name="suggester">
      <str name="name">uk</str>
      <str name="lookupImpl">AnalyzingInfixLookupFactory</str>
      <str name="dictionaryImpl">DocumentDictionaryFactory</str>
      <str name="field">twm_suggest</str>
      <str name="suggestAnalyzerFieldType">text_uk</str>
      <str name="contextField">sm_context_tags</str>
      <str name="buildOnCommit">true</str>
      <str name="buildOnStartup">false</str>
    </lst>
  </searchComponent>
<!--
  Autocomplete
  7.0.0
-->
<requestHandler name="/autocomplete" class="solr.SearchHandler" startup="lazy">
  <lst name="defaults">
    <str name="terms">false</str>
    <str name="distrib">false</str>
    <str name="spellcheck">false</str>
    <str name="spellcheck.onlyMorePopular">true</str>
    <str name="spellcheck.extendedResults">false</str>
    <str name="spellcheck.count">1</str>
    <str name="suggest">false</str>
    <str name="suggest.count">10</str>
  </lst>
  <arr name="components">
    <str>terms</str>
    <str>spellcheck</str>
    <str>suggest</str>
  </arr>
</requestHandler>

<!--
  Extract
  7.0.0
-->
<requestHandler name="/update/extract" class="solr.extraction.ExtractingRequestHandler" startup="lazy">
  <lst name="defaults">
    <str name="lowernames">true</str>
    <str name="uprefix">ignored_</str>
    <str name="captureAttr">true</str>
    <str name="fmap.a">links</str>
    <str name="fmap.div">ignored_</str>
  </lst>
</requestHandler>

<!--
  More Like This
  7.0.0
-->
<requestHandler name="/mlt" class="solr.MoreLikeThisHandler">
  <lst name="defaults">
    <str name="mlt.mintf">1</str>
    <str name="mlt.mindf">1</str>
    <str name="mlt.match.include">false</str>
    <str name="timeAllowed">${solr.mlt.timeAllowed:2000}</str>
  </lst>
</requestHandler>

<!--
  Select
  7.0.0
-->
<requestHandler name="/select" class="solr.SearchHandler">
  <lst name="defaults">
    <str name="defType">lucene</str>
    <str name="df">id</str>
    <str name="echoParams">explicit</str>
    <str name="omitHeader">true</str>
    <str name="timeAllowed">${solr.selectSearchHandler.timeAllowed:-1}</str>
    <str name="spellcheck">false</str>
  </lst>
  <arr name="last-components">
    <str>spellcheck</str>
    <str>elevator</str>
  </arr>
</requestHandler>

<!--
  Spellcheck
  7.0.0
-->
<requestHandler name="/spell" class="solr.SearchHandler" startup="lazy">
  <lst name="defaults">
    <str name="df">id</str>
    <str name="spellcheck.dictionary">und</str>
    <str name="spellcheck">on</str>
    <str name="spellcheck.onlyMorePopular">false</str>
    <str name="spellcheck.extendedResults">false</str>
    <str name="spellcheck.count">1</str>
    <str name="spellcheck.alternativeTermCount">5</str>
    <str name="spellcheck.maxResultsForSuggest">5</str>
    <str name="spellcheck.collate">true</str>
    <str name="spellcheck.collateExtendedResults">true</str>
    <str name="spellcheck.maxCollationTries">10</str>
    <str name="spellcheck.maxCollations">5</str>
  </lst>
  <arr name="last-components">
    <str>spellcheck</str>
  </arr>
</requestHandler>

<!--
  Suggester
  7.0.0
-->
<requestHandler name="/suggest" class="solr.SearchHandler" startup="lazy">
  <lst name="defaults">
    <str name="suggest">true</str>
    <str name="suggest.dictionary">und</str>
    <str name="suggest.count">10</str>
  </lst>
  <arr name="components">
    <str>suggest</str>
  </arr>
</requestHandler>

<!--
  Term Vector
  7.0.0
-->
<requestHandler name="/tvrh" class="solr.SearchHandler" startup="lazy">
  <lst name="defaults">
    <str name="df">id</str>
    <str name="tv">true</str>
  </lst>
  <arr name="last-components">
    <str>tvComponent</str>
  </arr>
</requestHandler>

<!--
  Special configs for Elevator
  7.0.0
-->
  <searchComponent name="elevator" class="solr.QueryElevationComponent">
    <str name="queryFieldType">string</str>
    <str name="config-file">elevate.xml</str>
  </searchComponent>
<!--
  Special configs for Term Vector
  7.0.0
-->
  <searchComponent name="tvComponent" class="solr.TermVectorComponent"/>
<statsCache class="org.apache.solr.search.stats.LRUStatsCache" />
