{
  "require": {
    "laminas/laminas-escaper": {
      "version": "2.10.0",
      "url": "https://github.com/laminas/laminas-escaper/archive/2.10.0.zip"
    },
    "laminas/laminas-feed": {
      "version": "2.18.2",
      "url": "https://github.com/laminas/laminas-feed/archive/2.18.2.zip"
    },
    "laminas/laminas-servicemanager": {
      "version": "3.15.0",
      "url": "https://github.com/laminas/laminas-servicemanager/archive/3.15.0.zip"
    },
    "laminas/laminas-stdlib": {
      "version": "3.13.0",
      "url": "https://github.com/laminas/laminas-stdlib/archive/3.13.0.zip"
    }
  }
}
