<?xml version="1.0"?>
<psalm
    errorLevel="3"
    resolveFromConfigFile="true"
    autoloader="psalm-autoloader.php"
    xmlns:xsi="http://www.w3.org/2001/XMLSchema-instance"
    xmlns="https://getpsalm.org/schema/config"
    xsi:schemaLocation="https://getpsalm.org/schema/config vendor/vimeo/psalm/config.xsd"
>
    <projectFiles>
        <directory name="VariableAnalysis" />
        <ignoreFiles>
            <directory name="vendor" />
        </ignoreFiles>
    </projectFiles>
    <extraFiles>
      <directory name="vendor/squizlabs/php_codesniffer" />
    </extraFiles>
</psalm>
