<dynamicField name="ts_X3b_cs_*" type="text_cs" stored="true" indexed="true" multiValued="false" termVectors="true" omitNorms="false" />
<dynamicField name="tm_X3b_cs_*" type="text_cs" stored="true" indexed="true" multiValued="true" termVectors="true" omitNorms="false" />
<dynamicField name="tos_X3b_cs_*" type="text_cs" stored="true" indexed="true" multiValued="false" termVectors="true" omitNorms="true" />
<dynamicField name="tom_X3b_cs_*" type="text_cs" stored="true" indexed="true" multiValued="true" termVectors="true" omitNorms="true" />
<dynamicField name="tus_X3b_cs_*" type="text_unstemmed_cs" stored="true" indexed="true" multiValued="false" termVectors="true" omitNorms="false" />
<dynamicField name="tum_X3b_cs_*" type="text_unstemmed_cs" stored="true" indexed="true" multiValued="true" termVectors="true" omitNorms="false" />
<dynamicField name="sort_X3b_cs_*" type="collated_cs" stored="false" indexed="false" docValues="true" useDocValuesAsStored="false" />
<dynamicField name="ts_X3b_nl_*" type="text_nl" stored="true" indexed="true" multiValued="false" termVectors="true" omitNorms="false" />
<dynamicField name="tm_X3b_nl_*" type="text_nl" stored="true" indexed="true" multiValued="true" termVectors="true" omitNorms="false" />
<dynamicField name="tos_X3b_nl_*" type="text_nl" stored="true" indexed="true" multiValued="false" termVectors="true" omitNorms="true" />
<dynamicField name="tom_X3b_nl_*" type="text_nl" stored="true" indexed="true" multiValued="true" termVectors="true" omitNorms="true" />
<dynamicField name="tus_X3b_nl_*" type="text_unstemmed_nl" stored="true" indexed="true" multiValued="false" termVectors="true" omitNorms="false" />
<dynamicField name="tum_X3b_nl_*" type="text_unstemmed_nl" stored="true" indexed="true" multiValued="true" termVectors="true" omitNorms="false" />
<dynamicField name="sort_X3b_nl_*" type="collated_nl" stored="false" indexed="false" docValues="true" useDocValuesAsStored="false" />
<dynamicField name="tcedgestrings_X3b_und_*" type="text_edgenstring" stored="true" indexed="true" multiValued="false" termVectors="true" omitNorms="false" />
<dynamicField name="tcedgestrings_*" type="text_edgenstring" stored="true" indexed="true" multiValued="false" termVectors="true" omitNorms="false" />
<dynamicField name="tcedgestringm_X3b_und_*" type="text_edgenstring" stored="true" indexed="true" multiValued="true" termVectors="true" omitNorms="false" />
<dynamicField name="tcedgestringm_*" type="text_edgenstring" stored="true" indexed="true" multiValued="true" termVectors="true" omitNorms="false" />
<dynamicField name="tocedgestrings_X3b_und_*" type="text_edgenstring" stored="true" indexed="true" multiValued="false" termVectors="true" omitNorms="true" />
<dynamicField name="tocedgestrings_*" type="text_edgenstring" stored="true" indexed="true" multiValued="false" termVectors="true" omitNorms="true" />
<dynamicField name="tocedgestringm_X3b_und_*" type="text_edgenstring" stored="true" indexed="true" multiValued="true" termVectors="true" omitNorms="true" />
<dynamicField name="tocedgestringm_*" type="text_edgenstring" stored="true" indexed="true" multiValued="true" termVectors="true" omitNorms="true" />
<dynamicField name="tucedgestrings_X3b_und_*" type="text_edgenstring" stored="true" indexed="true" multiValued="false" termVectors="true" omitNorms="false" />
<dynamicField name="tucedgestrings_*" type="text_edgenstring" stored="true" indexed="true" multiValued="false" termVectors="true" omitNorms="false" />
<dynamicField name="tucedgestringm_X3b_und_*" type="text_edgenstring" stored="true" indexed="true" multiValued="true" termVectors="true" omitNorms="false" />
<dynamicField name="tucedgestringm_*" type="text_edgenstring" stored="true" indexed="true" multiValued="true" termVectors="true" omitNorms="false" />
<dynamicField name="tcedges_X3b_und_*" type="text_edge" stored="true" indexed="true" multiValued="false" termVectors="true" omitNorms="false" />
<dynamicField name="tcedges_*" type="text_edge" stored="true" indexed="true" multiValued="false" termVectors="true" omitNorms="false" />
<dynamicField name="tcedgem_X3b_und_*" type="text_edge" stored="true" indexed="true" multiValued="true" termVectors="true" omitNorms="false" />
<dynamicField name="tcedgem_*" type="text_edge" stored="true" indexed="true" multiValued="true" termVectors="true" omitNorms="false" />
<dynamicField name="tocedges_X3b_und_*" type="text_edge" stored="true" indexed="true" multiValued="false" termVectors="true" omitNorms="true" />
<dynamicField name="tocedges_*" type="text_edge" stored="true" indexed="true" multiValued="false" termVectors="true" omitNorms="true" />
<dynamicField name="tocedgem_X3b_und_*" type="text_edge" stored="true" indexed="true" multiValued="true" termVectors="true" omitNorms="true" />
<dynamicField name="tocedgem_*" type="text_edge" stored="true" indexed="true" multiValued="true" termVectors="true" omitNorms="true" />
<dynamicField name="tucedges_X3b_und_*" type="text_edge" stored="true" indexed="true" multiValued="false" termVectors="true" omitNorms="false" />
<dynamicField name="tucedges_*" type="text_edge" stored="true" indexed="true" multiValued="false" termVectors="true" omitNorms="false" />
<dynamicField name="tucedgem_X3b_und_*" type="text_edge" stored="true" indexed="true" multiValued="true" termVectors="true" omitNorms="false" />
<dynamicField name="tucedgem_*" type="text_edge" stored="true" indexed="true" multiValued="true" termVectors="true" omitNorms="false" />
<dynamicField name="ts_X3b_en_*" type="text_en" stored="true" indexed="true" multiValued="false" termVectors="true" omitNorms="false" />
<dynamicField name="tm_X3b_en_*" type="text_en" stored="true" indexed="true" multiValued="true" termVectors="true" omitNorms="false" />
<dynamicField name="tos_X3b_en_*" type="text_en" stored="true" indexed="true" multiValued="false" termVectors="true" omitNorms="true" />
<dynamicField name="tom_X3b_en_*" type="text_en" stored="true" indexed="true" multiValued="true" termVectors="true" omitNorms="true" />
<dynamicField name="tus_X3b_en_*" type="text_unstemmed_en" stored="true" indexed="true" multiValued="false" termVectors="true" omitNorms="false" />
<dynamicField name="tum_X3b_en_*" type="text_unstemmed_en" stored="true" indexed="true" multiValued="true" termVectors="true" omitNorms="false" />
<dynamicField name="sort_X3b_en_*" type="collated_en" stored="false" indexed="false" docValues="true" useDocValuesAsStored="false" />
<dynamicField name="ts_X3b_fi_*" type="text_fi" stored="true" indexed="true" multiValued="false" termVectors="true" omitNorms="false" />
<dynamicField name="tm_X3b_fi_*" type="text_fi" stored="true" indexed="true" multiValued="true" termVectors="true" omitNorms="false" />
<dynamicField name="tos_X3b_fi_*" type="text_fi" stored="true" indexed="true" multiValued="false" termVectors="true" omitNorms="true" />
<dynamicField name="tom_X3b_fi_*" type="text_fi" stored="true" indexed="true" multiValued="true" termVectors="true" omitNorms="true" />
<dynamicField name="tus_X3b_fi_*" type="text_unstemmed_fi" stored="true" indexed="true" multiValued="false" termVectors="true" omitNorms="false" />
<dynamicField name="tum_X3b_fi_*" type="text_unstemmed_fi" stored="true" indexed="true" multiValued="true" termVectors="true" omitNorms="false" />
<dynamicField name="sort_X3b_fi_*" type="collated_fi" stored="false" indexed="false" docValues="true" useDocValuesAsStored="false" />
<dynamicField name="ts_X3b_fr_*" type="text_fr" stored="true" indexed="true" multiValued="false" termVectors="true" omitNorms="false" />
<dynamicField name="tm_X3b_fr_*" type="text_fr" stored="true" indexed="true" multiValued="true" termVectors="true" omitNorms="false" />
<dynamicField name="tos_X3b_fr_*" type="text_fr" stored="true" indexed="true" multiValued="false" termVectors="true" omitNorms="true" />
<dynamicField name="tom_X3b_fr_*" type="text_fr" stored="true" indexed="true" multiValued="true" termVectors="true" omitNorms="true" />
<dynamicField name="tus_X3b_fr_*" type="text_unstemmed_fr" stored="true" indexed="true" multiValued="false" termVectors="true" omitNorms="false" />
<dynamicField name="tum_X3b_fr_*" type="text_unstemmed_fr" stored="true" indexed="true" multiValued="true" termVectors="true" omitNorms="false" />
<dynamicField name="sort_X3b_fr_*" type="collated_fr" stored="false" indexed="false" docValues="true" useDocValuesAsStored="false" />
<dynamicField name="ts_X3b_de_*" type="text_de" stored="true" indexed="true" multiValued="false" termVectors="true" omitNorms="false" />
<dynamicField name="tm_X3b_de_*" type="text_de" stored="true" indexed="true" multiValued="true" termVectors="true" omitNorms="false" />
<dynamicField name="tos_X3b_de_*" type="text_de" stored="true" indexed="true" multiValued="false" termVectors="true" omitNorms="true" />
<dynamicField name="tom_X3b_de_*" type="text_de" stored="true" indexed="true" multiValued="true" termVectors="true" omitNorms="true" />
<dynamicField name="tus_X3b_de_*" type="text_unstemmed_de" stored="true" indexed="true" multiValued="false" termVectors="true" omitNorms="false" />
<dynamicField name="tum_X3b_de_*" type="text_unstemmed_de" stored="true" indexed="true" multiValued="true" termVectors="true" omitNorms="false" />
<dynamicField name="sort_X3b_de_*" type="collated_de" stored="false" indexed="false" docValues="true" useDocValuesAsStored="false" />
<dynamicField name="ts_X3b_el_*" type="text_el" stored="true" indexed="true" multiValued="false" termVectors="true" omitNorms="false" />
<dynamicField name="tm_X3b_el_*" type="text_el" stored="true" indexed="true" multiValued="true" termVectors="true" omitNorms="false" />
<dynamicField name="tos_X3b_el_*" type="text_el" stored="true" indexed="true" multiValued="false" termVectors="true" omitNorms="true" />
<dynamicField name="tom_X3b_el_*" type="text_el" stored="true" indexed="true" multiValued="true" termVectors="true" omitNorms="true" />
<dynamicField name="tus_X3b_el_*" type="text_unstemmed_el" stored="true" indexed="true" multiValued="false" termVectors="true" omitNorms="false" />
<dynamicField name="tum_X3b_el_*" type="text_unstemmed_el" stored="true" indexed="true" multiValued="true" termVectors="true" omitNorms="false" />
<dynamicField name="sort_X3b_el_*" type="collated_el" stored="false" indexed="false" docValues="true" useDocValuesAsStored="false" />
<dynamicField name="ts_X3b_it_*" type="text_it" stored="true" indexed="true" multiValued="false" termVectors="true" omitNorms="false" />
<dynamicField name="tm_X3b_it_*" type="text_it" stored="true" indexed="true" multiValued="true" termVectors="true" omitNorms="false" />
<dynamicField name="tos_X3b_it_*" type="text_it" stored="true" indexed="true" multiValued="false" termVectors="true" omitNorms="true" />
<dynamicField name="tom_X3b_it_*" type="text_it" stored="true" indexed="true" multiValued="true" termVectors="true" omitNorms="true" />
<dynamicField name="tus_X3b_it_*" type="text_unstemmed_it" stored="true" indexed="true" multiValued="false" termVectors="true" omitNorms="false" />
<dynamicField name="tum_X3b_it_*" type="text_unstemmed_it" stored="true" indexed="true" multiValued="true" termVectors="true" omitNorms="false" />
<dynamicField name="sort_X3b_it_*" type="collated_it" stored="false" indexed="false" docValues="true" useDocValuesAsStored="false" />
<dynamicField name="ts_X3b_und_*" type="text_und" stored="true" indexed="true" multiValued="false" termVectors="true" omitNorms="false" />
<dynamicField name="ts_*" type="text_und" stored="true" indexed="true" multiValued="false" termVectors="true" omitNorms="false" />
<dynamicField name="tm_X3b_und_*" type="text_und" stored="true" indexed="true" multiValued="true" termVectors="true" omitNorms="false" />
<dynamicField name="tm_*" type="text_und" stored="true" indexed="true" multiValued="true" termVectors="true" omitNorms="false" />
<dynamicField name="tos_X3b_und_*" type="text_und" stored="true" indexed="true" multiValued="false" termVectors="true" omitNorms="true" />
<dynamicField name="tos_*" type="text_und" stored="true" indexed="true" multiValued="false" termVectors="true" omitNorms="true" />
<dynamicField name="tom_X3b_und_*" type="text_und" stored="true" indexed="true" multiValued="true" termVectors="true" omitNorms="true" />
<dynamicField name="tom_*" type="text_und" stored="true" indexed="true" multiValued="true" termVectors="true" omitNorms="true" />
<dynamicField name="tus_X3b_und_*" type="text_und" stored="true" indexed="true" multiValued="false" termVectors="true" omitNorms="false" />
<dynamicField name="tus_*" type="text_und" stored="true" indexed="true" multiValued="false" termVectors="true" omitNorms="false" />
<dynamicField name="tum_X3b_und_*" type="text_und" stored="true" indexed="true" multiValued="true" termVectors="true" omitNorms="false" />
<dynamicField name="tum_*" type="text_und" stored="true" indexed="true" multiValued="true" termVectors="true" omitNorms="false" />
<dynamicField name="spellcheck_und*" type="text_spell_und" stored="true" indexed="true" multiValued="true" termVectors="true" omitNorms="true" />
<dynamicField name="spellcheck_*" type="text_spell_und" stored="true" indexed="true" multiValued="true" termVectors="true" omitNorms="true" />
<dynamicField name="sort_X3b_und_*" type="collated_und" stored="false" indexed="false" docValues="true" useDocValuesAsStored="false" />
<dynamicField name="sort_*" type="collated_und" stored="false" indexed="false" docValues="true" useDocValuesAsStored="false" />
<dynamicField name="tcngramstrings_X3b_und_*" type="text_ngramstring" stored="true" indexed="true" multiValued="false" termVectors="true" omitNorms="false" />
<dynamicField name="tcngramstrings_*" type="text_ngramstring" stored="true" indexed="true" multiValued="false" termVectors="true" omitNorms="false" />
<dynamicField name="tcngramstringm_X3b_und_*" type="text_ngramstring" stored="true" indexed="true" multiValued="true" termVectors="true" omitNorms="false" />
<dynamicField name="tcngramstringm_*" type="text_ngramstring" stored="true" indexed="true" multiValued="true" termVectors="true" omitNorms="false" />
<dynamicField name="tocngramstrings_X3b_und_*" type="text_ngramstring" stored="true" indexed="true" multiValued="false" termVectors="true" omitNorms="true" />
<dynamicField name="tocngramstrings_*" type="text_ngramstring" stored="true" indexed="true" multiValued="false" termVectors="true" omitNorms="true" />
<dynamicField name="tocngramstringm_X3b_und_*" type="text_ngramstring" stored="true" indexed="true" multiValued="true" termVectors="true" omitNorms="true" />
<dynamicField name="tocngramstringm_*" type="text_ngramstring" stored="true" indexed="true" multiValued="true" termVectors="true" omitNorms="true" />
<dynamicField name="tucngramstrings_X3b_und_*" type="text_ngramstring" stored="true" indexed="true" multiValued="false" termVectors="true" omitNorms="false" />
<dynamicField name="tucngramstrings_*" type="text_ngramstring" stored="true" indexed="true" multiValued="false" termVectors="true" omitNorms="false" />
<dynamicField name="tucngramstringm_X3b_und_*" type="text_ngramstring" stored="true" indexed="true" multiValued="true" termVectors="true" omitNorms="false" />
<dynamicField name="tucngramstringm_*" type="text_ngramstring" stored="true" indexed="true" multiValued="true" termVectors="true" omitNorms="false" />
<dynamicField name="tcngrams_X3b_und_*" type="text_ngram" stored="true" indexed="true" multiValued="false" termVectors="true" omitNorms="false" />
<dynamicField name="tcngrams_*" type="text_ngram" stored="true" indexed="true" multiValued="false" termVectors="true" omitNorms="false" />
<dynamicField name="tcngramm_X3b_und_*" type="text_ngram" stored="true" indexed="true" multiValued="true" termVectors="true" omitNorms="false" />
<dynamicField name="tcngramm_*" type="text_ngram" stored="true" indexed="true" multiValued="true" termVectors="true" omitNorms="false" />
<dynamicField name="tocngrams_X3b_und_*" type="text_ngram" stored="true" indexed="true" multiValued="false" termVectors="true" omitNorms="true" />
<dynamicField name="tocngrams_*" type="text_ngram" stored="true" indexed="true" multiValued="false" termVectors="true" omitNorms="true" />
<dynamicField name="tocngramm_X3b_und_*" type="text_ngram" stored="true" indexed="true" multiValued="true" termVectors="true" omitNorms="true" />
<dynamicField name="tocngramm_*" type="text_ngram" stored="true" indexed="true" multiValued="true" termVectors="true" omitNorms="true" />
<dynamicField name="tucngrams_X3b_und_*" type="text_ngram" stored="true" indexed="true" multiValued="false" termVectors="true" omitNorms="false" />
<dynamicField name="tucngrams_*" type="text_ngram" stored="true" indexed="true" multiValued="false" termVectors="true" omitNorms="false" />
<dynamicField name="tucngramm_X3b_und_*" type="text_ngram" stored="true" indexed="true" multiValued="true" termVectors="true" omitNorms="false" />
<dynamicField name="tucngramm_*" type="text_ngram" stored="true" indexed="true" multiValued="true" termVectors="true" omitNorms="false" />
<dynamicField name="ts_X3b_ru_*" type="text_ru" stored="true" indexed="true" multiValued="false" termVectors="true" omitNorms="false" />
<dynamicField name="tm_X3b_ru_*" type="text_ru" stored="true" indexed="true" multiValued="true" termVectors="true" omitNorms="false" />
<dynamicField name="tos_X3b_ru_*" type="text_ru" stored="true" indexed="true" multiValued="false" termVectors="true" omitNorms="true" />
<dynamicField name="tom_X3b_ru_*" type="text_ru" stored="true" indexed="true" multiValued="true" termVectors="true" omitNorms="true" />
<dynamicField name="tus_X3b_ru_*" type="text_unstemmed_ru" stored="true" indexed="true" multiValued="false" termVectors="true" omitNorms="false" />
<dynamicField name="tum_X3b_ru_*" type="text_unstemmed_ru" stored="true" indexed="true" multiValued="true" termVectors="true" omitNorms="false" />
<dynamicField name="sort_X3b_ru_*" type="collated_ru" stored="false" indexed="false" docValues="true" useDocValuesAsStored="false" />
<dynamicField name="ts_X3b_es_*" type="text_es" stored="true" indexed="true" multiValued="false" termVectors="true" omitNorms="false" />
<dynamicField name="tm_X3b_es_*" type="text_es" stored="true" indexed="true" multiValued="true" termVectors="true" omitNorms="false" />
<dynamicField name="tos_X3b_es_*" type="text_es" stored="true" indexed="true" multiValued="false" termVectors="true" omitNorms="true" />
<dynamicField name="tom_X3b_es_*" type="text_es" stored="true" indexed="true" multiValued="true" termVectors="true" omitNorms="true" />
<dynamicField name="tus_X3b_es_*" type="text_unstemmed_es" stored="true" indexed="true" multiValued="false" termVectors="true" omitNorms="false" />
<dynamicField name="tum_X3b_es_*" type="text_unstemmed_es" stored="true" indexed="true" multiValued="true" termVectors="true" omitNorms="false" />
<dynamicField name="sort_X3b_es_*" type="collated_es" stored="false" indexed="false" docValues="true" useDocValuesAsStored="false" />
<dynamicField name="ts_X3b_uk_*" type="text_uk" stored="true" indexed="true" multiValued="false" termVectors="true" omitNorms="false" />
<dynamicField name="tm_X3b_uk_*" type="text_uk" stored="true" indexed="true" multiValued="true" termVectors="true" omitNorms="false" />
<dynamicField name="tos_X3b_uk_*" type="text_uk" stored="true" indexed="true" multiValued="false" termVectors="true" omitNorms="true" />
<dynamicField name="tom_X3b_uk_*" type="text_uk" stored="true" indexed="true" multiValued="true" termVectors="true" omitNorms="true" />
<dynamicField name="tus_X3b_uk_*" type="text_unstemmed_uk" stored="true" indexed="true" multiValued="false" termVectors="true" omitNorms="false" />
<dynamicField name="tum_X3b_uk_*" type="text_unstemmed_uk" stored="true" indexed="true" multiValued="true" termVectors="true" omitNorms="false" />
<dynamicField name="sort_X3b_uk_*" type="collated_uk" stored="false" indexed="false" docValues="true" useDocValuesAsStored="false" />
