{"access_arguments_resolver_factory":{"type":"Drupal\\Core\\Access\\AccessArgumentsResolverFactoryInterface","name":"arguments_resolver_factory","description":"The access arguments resolver."},"access_check.contact_personal":{"type":"Drupal\\Core\\Routing\\Access\\AccessInterface","name":"access_check_contact_personal","description":"The access_check.contact_personal service."},"access_check.cron":{"type":"Drupal\\Core\\Routing\\Access\\AccessInterface","name":"access_check_cron","description":"The access_check.cron service."},"access_check.csrf":{"type":"Drupal\\Core\\Routing\\Access\\AccessInterface","name":"access_check_csrf","description":"The access_check.csrf service."},"access_check.custom":{"type":"Drupal\\Core\\Routing\\Access\\AccessInterface","name":"access_check_custom","description":"The access_check.custom service."},"access_check.db_update":{"type":"Drupal\\Core\\Routing\\Access\\AccessInterface","name":"access_check_db_update","description":"The access_check.db_update service."},"access_check.default":{"type":"Drupal\\Core\\Routing\\Access\\AccessInterface","name":"access_check_default","description":"The access_check.default service."},"access_check.entity":{"type":"Drupal\\Core\\Routing\\Access\\AccessInterface","name":"access_check_entity","description":"The access_check.entity service."},"access_check.entity_bundles":{"type":"Drupal\\Core\\Routing\\Access\\AccessInterface","name":"access_check_entity_bundles","description":"The access_check.entity_bundles service."},"access_check.entity_create":{"type":"Drupal\\Core\\Routing\\Access\\AccessInterface","name":"access_check_entity_create","description":"The access_check.entity_create service."},"access_check.entity_create_any":{"type":"Drupal\\Core\\Routing\\Access\\AccessInterface","name":"access_check_entity_create_any","description":"The access_check.entity_create_any service."},"access_check.entity_delete_multiple":{"type":"Drupal\\Core\\Routing\\Access\\AccessInterface","name":"access_check_entity_delete_multiple","description":"The access_check.entity_delete_multiple service."},"access_check.field_ui.form_mode":{"type":"Drupal\\Core\\Routing\\Access\\AccessInterface","name":"access_check_field_ui_form_mode","description":"The access_check.field_ui.form_mode service."},"access_check.field_ui.view_mode":{"type":"Drupal\\Core\\Routing\\Access\\AccessInterface","name":"access_check_field_ui_view_mode","description":"The access_check.field_ui.view_mode service."},"access_check.header.csrf":{"type":"Drupal\\Core\\Access\\AccessCheckInterface","name":"access_check_header_csrf","description":"The access_check.header.csrf service."},"access_check.node.add":{"type":"Drupal\\Core\\Routing\\Access\\AccessInterface","name":"access_check_node_add","description":"The access_check.node.add service."},"access_check.node.preview":{"type":"Drupal\\Core\\Routing\\Access\\AccessInterface","name":"access_check_node_preview","description":"The access_check.node.preview service."},"access_check.node.revision":{"type":"Drupal\\Core\\Routing\\Access\\AccessInterface","name":"access_check_node_revision","description":"The access_check.node.revision service."},"access_check.permission":{"type":"Drupal\\Core\\Routing\\Access\\AccessInterface","name":"access_check_permission","description":"The access_check.permission service."},"access_check.theme":{"type":"Drupal\\Core\\Theme\\ThemeAccessCheck","name":"theme_access","description":"The access checker for themes."},"access_check.update.manager_access":{"type":"Drupal\\Core\\Routing\\Access\\AccessInterface","name":"access_check_update_manager_access","description":"The access_check.update.manager_access service."},"access_check.user.login_status":{"type":"Drupal\\Core\\Routing\\Access\\AccessInterface","name":"access_check_user_login_status","description":"The access_check.user.login_status service."},"access_check.user.register":{"type":"Drupal\\Core\\Routing\\Access\\AccessInterface","name":"access_check_user_register","description":"The access_check.user.register service."},"access_check.user.role":{"type":"Drupal\\Core\\Routing\\Access\\AccessInterface","name":"access_check_user_role","description":"The access_check.user.role service."},"access_manager":{"type":"Drupal\\Core\\Access\\AccessManagerInterface","name":"access_manager","description":"The access manager."},"account_switcher":{"type":"Drupal\\Core\\Session\\AccountSwitcherInterface","name":"account_switcher","description":"The account switching service."},"ajax_response.attachments_processor":{"type":"Drupal\\Core\\Render\\AttachmentsResponseProcessorInterface","name":"ajax_response_attachments_processor","description":"The AJAX response attachments processor service."},"ajax_response.subscriber":{"type":"Symfony\\Component\\EventDispatcher\\EventSubscriberInterface","name":"ajax_response_subscriber","description":"The ajax_response.subscriber service."},"anonymous_user_response_subscriber":{"type":"Symfony\\Component\\EventDispatcher\\EventSubscriberInterface","name":"anonymous_user_response_subscriber","description":"The anonymous_user_response_subscriber service."},"asset.css.collection_grouper":{"type":"Drupal\\Core\\Asset\\AssetCollectionGrouperInterface","name":"grouper","description":"The grouper for CSS assets."},"asset.css.collection_optimizer":{"type":"Drupal\\Core\\Asset\\AssetCollectionOptimizerInterface","name":"css_collection_optimizer","description":"The CSS asset collection optimizer service."},"asset.css.collection_renderer":{"type":"Drupal\\Core\\Asset\\AssetCollectionRendererInterface","name":"css_collection_renderer","description":"The CSS asset collection renderer."},"asset.css.dumper":{"type":"Drupal\\Core\\Asset\\AssetDumperInterface","name":"dumper","description":"The dumper for optimized CSS assets."},"asset.css.optimizer":{"type":"Drupal\\Core\\Asset\\AssetOptimizerInterface","name":"optimizer","description":"The optimizer for a single CSS asset."},"asset.js.collection_grouper":{"type":"Drupal\\Core\\Asset\\AssetCollectionGrouperInterface","name":"grouper","description":"The grouper for JS assets."},"asset.js.collection_optimizer":{"type":"Drupal\\Core\\Asset\\AssetCollectionOptimizerInterface","name":"asset_js_collection_optimizer","description":"The asset.js.collection_optimizer service."},"asset.js.collection_renderer":{"type":"Drupal\\Core\\Asset\\AssetCollectionRendererInterface","name":"js_collection_renderer","description":"The JS asset collection renderer."},"asset.js.dumper":{"type":"Drupal\\Core\\Asset\\AssetDumperInterface","name":"dumper","description":"The dumper for optimized JS assets."},"asset.js.optimizer":{"type":"Drupal\\Core\\Asset\\AssetOptimizerInterface","name":"optimizer","description":"The optimizer for a single JS asset."},"asset.resolver":{"type":"Drupal\\Core\\Asset\\AssetResolverInterface","name":"asset_resolver","description":"An asset resolver."},"authentication":{"type":"Drupal\\Core\\Authentication\\AuthenticationProviderInterface","name":"authentication_provider","description":"An authentication provider."},"authentication_collector":{"type":"Drupal\\Core\\Authentication\\AuthenticationCollectorInterface","name":"auth_collector","description":"The authentication provider collector."},"authentication_subscriber":{"type":"Symfony\\Component\\EventDispatcher\\EventSubscriberInterface","name":"authentication_subscriber","description":"The authentication_subscriber service."},"automated_cron.subscriber":{"type":"Symfony\\Component\\EventDispatcher\\EventSubscriberInterface","name":"automated_cron_subscriber","description":"The automated_cron.subscriber service."},"bare_html_page_renderer":{"type":"Drupal\\Core\\Render\\BareHtmlPageRendererInterface","name":"bare_html_page_renderer","description":"The bare HTML page renderer."},"batch.storage":{"type":"Drupal\\Core\\Batch\\BatchStorageInterface","name":"batch_storage","description":"The batch storage."},"big_pipe":{"type":"Drupal\\big_pipe\\Render\\BigPipe","name":"big_pipe","description":"The BigPipe service."},"block.page_display_variant_subscriber":{"type":"Symfony\\Component\\EventDispatcher\\EventSubscriberInterface","name":"block_page_display_variant_subscriber","description":"The block.page_display_variant_subscriber service."},"block.repository":{"type":"Drupal\\block\\BlockRepositoryInterface","name":"block_repository","description":"The block.repository service."},"block_content.uuid_lookup":{"type":"Drupal\\Core\\DestructableInterface","name":"block_content_uuid_lookup","description":"The block_content.uuid_lookup service."},"breadcrumb":{"type":"Drupal\\Core\\Breadcrumb\\ChainBreadcrumbBuilderInterface","name":"breadcrumb","description":"The breadcrumb service."},"breakpoint.manager":{"type":"Drupal\\Component\\Plugin\\PluginManagerInterface","name":"breakpoint_manager","description":"The breakpoint.manager service."},"cache.backend.apcu":{"type":"Drupal\\Core\\Cache\\CacheFactoryInterface","name":"cache_backend_apcu","description":"The cache.backend.apcu service."},"cache.backend.chainedfast":{"type":"Drupal\\Core\\Cache\\CacheFactoryInterface","name":"cache_backend_chainedfast","description":"The cache.backend.chainedfast service."},"cache.backend.database":{"type":"Drupal\\Core\\Cache\\CacheFactoryInterface","name":"cache_backend_database","description":"The cache.backend.database service."},"cache.backend.memory":{"type":"Drupal\\Core\\Cache\\CacheFactoryInterface","name":"cache_backend_memory","description":"The cache.backend.memory service."},"cache.backend.php":{"type":"Drupal\\Core\\Cache\\CacheFactoryInterface","name":"cache_backend_php","description":"The cache.backend.php service."},"cache.bootstrap":{"type":"Drupal\\Core\\Cache\\CacheBackendInterface","name":"cache","description":"The cache backend."},"cache.config":{"type":"Drupal\\Core\\Cache\\CacheBackendInterface","name":"cache","description":"A cache backend used to store configuration."},"cache.data":{"type":"Drupal\\Core\\Cache\\CacheBackendInterface","name":"cache_backend","description":"The cache backend."},"cache.default":{"type":"Drupal\\Core\\Cache\\CacheBackendInterface","name":"cache","description":"The cache."},"cache.discovery":{"type":"Drupal\\Core\\Cache\\CacheBackendInterface","name":"cache_backend","description":"Cache backend instance to use."},"cache.dynamic_page_cache":{"type":"Drupal\\Core\\Cache\\CacheBackendInterface","name":"cache_dynamic_page_cache","description":"The cache.dynamic_page_cache service."},"cache.entity":{"type":"Drupal\\Core\\Cache\\CacheBackendInterface","name":"cache_entity","description":"The cache.entity service."},"cache.menu":{"type":"Drupal\\Core\\Cache\\CacheBackendInterface","name":"cache","description":"The cache backend."},"cache.page":{"type":"Drupal\\Core\\Cache\\CacheBackendInterface","name":"cache","description":"The cache bin."},"cache.render":{"type":"Drupal\\Core\\Cache\\CacheBackendInterface","name":"cache_render","description":"The cache.render service."},"cache.static":{"type":"Drupal\\Core\\Cache\\CacheBackendInterface","name":"static","description":"The cache backend interface to use for the static cache."},"cache.toolbar":{"type":"Drupal\\Core\\Cache\\CacheBackendInterface","name":"cache_toolbar","description":"The cache.toolbar service."},"cache_context.cookies":{"type":"Drupal\\Core\\Cache\\Context\\CalculatedCacheContextInterface","name":"cache_context_cookies","description":"The cache_context.cookies service."},"cache_context.headers":{"type":"Drupal\\Core\\Cache\\Context\\CalculatedCacheContextInterface","name":"cache_context_headers","description":"The cache_context.headers service."},"cache_context.ip":{"type":"Drupal\\Core\\Cache\\Context\\CacheContextInterface","name":"cache_context_ip","description":"The cache_context.ip service."},"cache_context.languages":{"type":"Drupal\\Core\\Cache\\Context\\CalculatedCacheContextInterface","name":"cache_context_languages","description":"The cache_context.languages service."},"cache_context.protocol_version":{"type":"Drupal\\Core\\Cache\\Context\\CacheContextInterface","name":"cache_context_protocol_version","description":"The cache_context.protocol_version service."},"cache_context.request_format":{"type":"Drupal\\Core\\Cache\\Context\\RequestFormatCacheContext","name":"cache_context_request_format","description":"The cache_context.request_format service."},"cache_context.route":{"type":"Drupal\\Core\\Cache\\Context\\CacheContextInterface","name":"cache_context_route","description":"The cache_context.route service."},"cache_context.route.menu_active_trails":{"type":"Drupal\\Core\\Cache\\Context\\CalculatedCacheContextInterface","name":"cache_context_route_menu_active_trails","description":"The cache_context.route.menu_active_trails service."},"cache_context.route.name":{"type":"Drupal\\Core\\Cache\\Context\\CacheContextInterface","name":"cache_context_route_name","description":"The cache_context.route.name service."},"cache_context.session":{"type":"Drupal\\Core\\Cache\\Context\\SessionCacheContext","name":"cache_context_session","description":"The cache_context.session service."},"cache_context.session.exists":{"type":"Drupal\\Core\\Cache\\Context\\CacheContextInterface","name":"cache_context_session_exists","description":"The cache_context.session.exists service."},"cache_context.theme":{"type":"Drupal\\Core\\Cache\\Context\\CacheContextInterface","name":"cache_context_theme","description":"The cache_context.theme service."},"cache_context.timezone":{"type":"Drupal\\Core\\Cache\\Context\\CacheContextInterface","name":"cache_context_timezone","description":"The cache_context.timezone service."},"cache_context.url":{"type":"Drupal\\Core\\Cache\\Context\\CacheContextInterface","name":"cache_context_url","description":"The cache_context.url service."},"cache_context.url.path":{"type":"Drupal\\Core\\Cache\\Context\\CacheContextInterface","name":"cache_context_url_path","description":"The cache_context.url.path service."},"cache_context.url.path.is_front":{"type":"Drupal\\Core\\Cache\\Context\\CacheContextInterface","name":"cache_context_url_path_is_front","description":"The cache_context.url.path.is_front service."},"cache_context.url.path.parent":{"type":"Drupal\\Core\\Cache\\Context\\CacheContextInterface","name":"cache_context_url_path_parent","description":"The cache_context.url.path.parent service."},"cache_context.url.query_args":{"type":"Drupal\\Core\\Cache\\Context\\CalculatedCacheContextInterface","name":"cache_context_url_query_args","description":"The cache_context.url.query_args service."},"cache_context.url.query_args.pagers":{"type":"Drupal\\Core\\Cache\\Context\\CalculatedCacheContextInterface","name":"cache_context_url_query_args_pagers","description":"The cache_context.url.query_args.pagers service."},"cache_context.url.site":{"type":"Drupal\\Core\\Cache\\Context\\CacheContextInterface","name":"cache_context_url_site","description":"The cache_context.url.site service."},"cache_context.user":{"type":"Drupal\\Core\\Cache\\Context\\CacheContextInterface","name":"cache_context_user","description":"The cache_context.user service."},"cache_context.user.is_super_user":{"type":"Drupal\\Core\\Cache\\Context\\CacheContextInterface","name":"cache_context_user_is_super_user","description":"The cache_context.user.is_super_user service."},"cache_context.user.node_grants":{"type":"Drupal\\Core\\Cache\\Context\\CalculatedCacheContextInterface","name":"cache_context_user_node_grants","description":"The cache_context.user.node_grants service."},"cache_context.user.permissions":{"type":"Drupal\\Core\\Cache\\Context\\CacheContextInterface","name":"cache_context_user_permissions","description":"The cache_context.user.permissions service."},"cache_context.user.roles":{"type":"Drupal\\Core\\Cache\\Context\\CalculatedCacheContextInterface","name":"cache_context_user_roles","description":"The cache_context.user.roles service."},"cache_contexts_manager":{"type":"Drupal\\Core\\Cache\\Context\\CacheContextsManager","name":"cache_contexts_manager","description":"The cache contexts manager service."},"cache_factory":{"type":"Drupal\\Core\\Cache\\CacheFactoryInterface","name":"cache_factory","description":"The cache factory."},"cache_router_rebuild_subscriber":{"type":"Symfony\\Component\\EventDispatcher\\EventSubscriberInterface","name":"cache_router_rebuild_subscriber","description":"The cache_router_rebuild_subscriber service."},"cache_tags.invalidator":{"type":"Drupal\\Core\\Cache\\CacheTagsInvalidatorInterface","name":"cache_tags_invalidator","description":"The cache tags invalidator."},"cache_tags.invalidator.checksum":{"type":"Drupal\\Core\\Cache\\CacheTagsChecksumInterface","name":"checksum_provider","description":"The cache tags checksum provider."},"class_resolver":{"type":"Drupal\\Core\\DependencyInjection\\ClassResolverInterface","name":"class_resolver","description":"The class resolver."},"client_error_response_subscriber":{"type":"Symfony\\Component\\EventDispatcher\\EventSubscriberInterface","name":"client_error_response_subscriber","description":"The client_error_response_subscriber service."},"color.config_cache_invalidator":{"type":"Symfony\\Component\\EventDispatcher\\EventSubscriberInterface","name":"color_config_cache_invalidator","description":"The color.config_cache_invalidator service."},"comment.breadcrumb":{"type":"Drupal\\Core\\Breadcrumb\\BreadcrumbBuilderInterface","name":"comment_breadcrumb","description":"The comment.breadcrumb service."},"comment.lazy_builders":{"type":"Drupal\\Core\\Security\\TrustedCallbackInterface","name":"comment_lazy_builders","description":"The comment.lazy_builders service."},"comment.link_builder":{"type":"Drupal\\comment\\CommentLinkBuilderInterface","name":"comment_link_builder","description":"The comment.link_builder service."},"comment.manager":{"type":"Drupal\\comment\\CommentManagerInterface","name":"comment_manager","description":"The comment manager service."},"comment.statistics":{"type":"Drupal\\comment\\CommentStatisticsInterface","name":"comment_statistics","description":"The comment.statistics service."},"config.config_subscriber":{"type":"Symfony\\Component\\EventDispatcher\\EventSubscriberInterface","name":"config_config_subscriber","description":"The config.config_subscriber service."},"config.factory":{"type":"Drupal\\Core\\Config\\ConfigFactoryInterface","name":"config_factory","description":"The config factory."},"config.import_transformer":{"type":"Drupal\\Core\\Config\\ImportStorageTransformer","name":"config_import_transformer","description":"The config.import_transformer service."},"config.importer_subscriber":{"type":"Symfony\\Component\\EventDispatcher\\EventSubscriberInterface","name":"config_importer_subscriber","description":"The config.importer_subscriber service."},"config.installer":{"type":"Drupal\\Core\\Config\\ConfigInstallerInterface","name":"config_installer","description":"(optional) The config installer to install configuration. This optional"},"config.manager":{"type":"Drupal\\Core\\Config\\ConfigManagerInterface","name":"config_manager","description":"The config manager."},"config.storage":{"type":"Drupal\\Core\\Config\\StorageInterface","name":"active_storage","description":"The active configuration storage."},"config.storage.export":{"type":"Drupal\\Core\\Config\\StorageInterface","name":"config_storage_export","description":"The config.storage.export service."},"config.storage.schema":{"type":"Drupal\\Core\\Config\\StorageInterface","name":"schemaStorage","description":"The storage object to use for reading schema data"},"config.storage.snapshot":{"type":"Drupal\\Core\\Config\\StorageInterface","name":"config_storage_snapshot","description":"The config.storage.snapshot service."},"config.storage.sync":{"type":"Drupal\\Core\\Config\\StorageInterface","name":"config_storage_sync","description":"The config.storage.sync service."},"config.typed":{"type":"Drupal\\Core\\Config\\TypedConfigManagerInterface","name":"typed_config","description":"The typed configuration manager."},"config_exclude_modules_subscriber":{"type":"Symfony\\Component\\EventDispatcher\\EventSubscriberInterface","name":"config_exclude_modules_subscriber","description":"The config_exclude_modules_subscriber service."},"config_import_subscriber":{"type":"Symfony\\Component\\EventDispatcher\\EventSubscriberInterface","name":"config_import_subscriber","description":"The config_import_subscriber service."},"contact.mail_handler":{"type":"Drupal\\contact\\MailHandlerInterface","name":"contact_mail_handler","description":"The contact.mail_handler service."},"container.namespaces":{"type":"Traversable","name":"namespaces","description":"An object that implements \\Traversable which contains the root paths"},"content_type_header_matcher":{"type":"Drupal\\Core\\Routing\\FilterInterface","name":"content_type_header_matcher","description":"The content_type_header_matcher service."},"content_uninstall_validator":{"type":"Drupal\\Core\\Extension\\ModuleUninstallValidatorInterface","name":"content_uninstall_validator","description":"The content_uninstall_validator service."},"context.handler":{"type":"Drupal\\Core\\Plugin\\Context\\ContextHandlerInterface","name":"context_handler","description":"The plugin context handler."},"context.repository":{"type":"Drupal\\Core\\Plugin\\Context\\ContextRepositoryInterface","name":"context_repository","description":"The context repository service."},"controller.entity_form":{"type":"Drupal\\Core\\Entity\\HtmlEntityFormController","name":"controller_entity_form","description":"The controller.entity_form service."},"controller.form":{"type":"Drupal\\Core\\Controller\\HtmlFormController","name":"controller_form","description":"The controller.form service."},"controller_resolver":{"type":"Drupal\\Core\\Controller\\ControllerResolverInterface","name":"controller_resolver","description":"The controller resolver."},"country_manager":{"type":"Drupal\\Core\\Locale\\CountryManagerInterface","name":"country_manager","description":"The country_manager service."},"cron":{"type":"Drupal\\Core\\CronInterface","name":"cron","description":"The cron service."},"csrf_token":{"type":"Drupal\\Core\\Access\\CsrfTokenGenerator","name":"csrf_token","description":"The CSRF token generator."},"current_route_match":{"type":"Drupal\\Core\\Routing\\RouteMatchInterface","name":"route_match","description":"The current route match."},"current_user":{"type":"Drupal\\Core\\Session\\AccountInterface","name":"account","description":"The current user."},"database":{"type":"Drupal\\Core\\Database\\Connection","name":"connection","description":"The database connection."},"database.replica":{"type":"Drupal\\Core\\Database\\Connection","name":"database_replica","description":"(Optional) the replica database connection."},"database.replica_kill_switch":{"type":"Drupal\\Core\\Database\\ReplicaKillSwitch","name":"replica_kill_switch","description":"The replica kill switch."},"database_driver_uninstall_validator":{"type":"Drupal\\Core\\Extension\\ModuleUninstallValidatorInterface","name":"database_driver_uninstall_validator","description":"The database_driver_uninstall_validator service."},"date.formatter":{"type":"Drupal\\Core\\Datetime\\DateFormatterInterface","name":"date_formatter","description":"The date formatter."},"datetime.time":{"type":"Drupal\\Component\\Datetime\\TimeInterface","name":"time","description":"The time service."},"diff.formatter":{"type":"Drupal\\Core\\Diff\\DiffFormatter","name":"diff_formatter","description":"The diff.formatter service."},"drupal.proxy_original_service.bare_html_page_renderer":{"type":"Drupal\\Core\\Render\\BareHtmlPageRendererInterface","name":"drupal_proxy_original_service_bare_html_page_renderer","description":"The drupal.proxy_original_service.bare_html_page_renderer service."},"drupal.proxy_original_service.batch.storage":{"type":"Drupal\\Core\\Batch\\BatchStorageInterface","name":"drupal_proxy_original_service_batch_storage","description":"The drupal.proxy_original_service.batch.storage service."},"drupal.proxy_original_service.config.installer":{"type":"Drupal\\Core\\Config\\ConfigInstallerInterface","name":"drupal_proxy_original_service_config_installer","description":"The drupal.proxy_original_service.config.installer service."},"drupal.proxy_original_service.content_uninstall_validator":{"type":"Drupal\\Core\\Extension\\ModuleUninstallValidatorInterface","name":"drupal_proxy_original_service_content_uninstall_validator","description":"The drupal.proxy_original_service.content_uninstall_validator service."},"drupal.proxy_original_service.cron":{"type":"Drupal\\Core\\CronInterface","name":"drupal_proxy_original_service_cron","description":"The drupal.proxy_original_service.cron service."},"drupal.proxy_original_service.database_driver_uninstall_validator":{"type":"Drupal\\Core\\Extension\\ModuleUninstallValidatorInterface","name":"drupal_proxy_original_service_database_driver_uninstall_validator","description":"The drupal.proxy_original_service.database_driver_uninstall_validator service."},"drupal.proxy_original_service.dynamic_page_cache_response_policy":{"type":"Drupal\\Core\\PageCache\\ChainResponsePolicyInterface","name":"drupal_proxy_original_service_dynamic_page_cache_response_policy","description":"The drupal.proxy_original_service.dynamic_page_cache_response_policy service."},"drupal.proxy_original_service.field.uninstall_validator":{"type":"Drupal\\Core\\Extension\\ModuleUninstallValidatorInterface","name":"drupal_proxy_original_service_field_uninstall_validator","description":"The drupal.proxy_original_service.field.uninstall_validator service."},"drupal.proxy_original_service.file.mime_type.guesser":{"type":"Symfony\\Component\\HttpFoundation\\File\\MimeType\\MimeTypeGuesserInterface","name":"drupal_proxy_original_service_file_mime_type_guesser","description":"The drupal.proxy_original_service.file.mime_type.guesser service."},"drupal.proxy_original_service.file.mime_type.guesser.extension":{"type":"Symfony\\Component\\Mime\\MimeTypeGuesserInterface","name":"drupal_proxy_original_service_file_mime_type_guesser_extension","description":"The drupal.proxy_original_service.file.mime_type.guesser.extension service."},"drupal.proxy_original_service.filter.uninstall_validator":{"type":"Drupal\\Core\\Extension\\ModuleUninstallValidatorInterface","name":"drupal_proxy_original_service_filter_uninstall_validator","description":"The drupal.proxy_original_service.filter.uninstall_validator service."},"drupal.proxy_original_service.lock":{"type":"Drupal\\Core\\Lock\\LockBackendInterface","name":"drupal_proxy_original_service_lock","description":"The drupal.proxy_original_service.lock service."},"drupal.proxy_original_service.lock.persistent":{"type":"Drupal\\Core\\Lock\\LockBackendInterface","name":"drupal_proxy_original_service_lock_persistent","description":"The drupal.proxy_original_service.lock.persistent service."},"drupal.proxy_original_service.module_required_by_themes_uninstall_validator":{"type":"Drupal\\Core\\Extension\\ModuleUninstallValidatorInterface","name":"drupal_proxy_original_service_module_required_by_themes_uninstall_validator","description":"The drupal.proxy_original_service.module_required_by_themes_uninstall_validator service."},"drupal.proxy_original_service.node_preview":{"type":"Drupal\\Core\\ParamConverter\\ParamConverterInterface","name":"drupal_proxy_original_service_node_preview","description":"The drupal.proxy_original_service.node_preview service."},"drupal.proxy_original_service.page_cache_response_policy":{"type":"Drupal\\Core\\PageCache\\ChainResponsePolicyInterface","name":"drupal_proxy_original_service_page_cache_response_policy","description":"The drupal.proxy_original_service.page_cache_response_policy service."},"drupal.proxy_original_service.paramconverter.menu_link":{"type":"Drupal\\Core\\ParamConverter\\ParamConverterInterface","name":"drupal_proxy_original_service_paramconverter_menu_link","description":"The drupal.proxy_original_service.paramconverter.menu_link service."},"drupal.proxy_original_service.paramconverter.views_ui":{"type":"Drupal\\Core\\ParamConverter\\ParamConverterInterface","name":"drupal_proxy_original_service_paramconverter_views_ui","description":"The drupal.proxy_original_service.paramconverter.views_ui service."},"drupal.proxy_original_service.plugin.cache_clearer":{"type":"Drupal\\Core\\Plugin\\CachedDiscoveryClearerInterface","name":"drupal_proxy_original_service_plugin_cache_clearer","description":"The drupal.proxy_original_service.plugin.cache_clearer service."},"drupal.proxy_original_service.required_module_uninstall_validator":{"type":"Drupal\\Core\\Extension\\ModuleUninstallValidatorInterface","name":"drupal_proxy_original_service_required_module_uninstall_validator","description":"The drupal.proxy_original_service.required_module_uninstall_validator service."},"drupal.proxy_original_service.router.builder":{"type":"Drupal\\Core\\Routing\\RouteBuilderInterface","name":"drupal_proxy_original_service_router_builder","description":"The drupal.proxy_original_service.router.builder service."},"drupal.proxy_original_service.router.dumper":{"type":"Drupal\\Core\\Routing\\MatcherDumperInterface","name":"drupal_proxy_original_service_router_dumper","description":"The drupal.proxy_original_service.router.dumper service."},"dynamic_page_cache_request_policy":{"type":"Drupal\\Core\\PageCache\\RequestPolicyInterface","name":"request_policy","description":"A policy rule determining the cacheability of a request."},"dynamic_page_cache_response_policy":{"type":"Drupal\\Core\\PageCache\\ResponsePolicyInterface","name":"response_policy","description":"A policy rule determining the cacheability of the response."},"dynamic_page_cache_subscriber":{"type":"Symfony\\Component\\EventDispatcher\\EventSubscriberInterface","name":"dynamic_page_cache_subscriber","description":"The dynamic_page_cache_subscriber service."},"early_rendering_controller_wrapper_subscriber":{"type":"Symfony\\Component\\EventDispatcher\\EventSubscriberInterface","name":"early_rendering_controller_wrapper_subscriber","description":"The early_rendering_controller_wrapper_subscriber service."},"editor.config_translation_mapper_subscriber":{"type":"Symfony\\Component\\EventDispatcher\\EventSubscriberInterface","name":"editor_config_translation_mapper_subscriber","description":"The editor.config_translation_mapper_subscriber service."},"element.editor":{"type":"Drupal\\Core\\Security\\TrustedCallbackInterface","name":"element_editor","description":"The element.editor service."},"email.validator":{"type":"Drupal\\Component\\Utility\\EmailValidatorInterface","name":"email_validator","description":"The email.validator service."},"entity.autocomplete_matcher":{"type":"Drupal\\Core\\Entity\\EntityAutocompleteMatcherInterface","name":"entity_autocomplete_matcher","description":"The entity.autocomplete_matcher service."},"entity.bundle_config_import_validator":{"type":"Symfony\\Component\\EventDispatcher\\EventSubscriberInterface","name":"entity_bundle_config_import_validator","description":"The entity.bundle_config_import_validator service."},"entity.definition_update_manager":{"type":"Drupal\\Core\\Entity\\EntityDefinitionUpdateManagerInterface","name":"entity_definition_update_manager","description":"The entity.definition_update_manager service."},"entity.form_builder":{"type":"Drupal\\Core\\Entity\\EntityFormBuilderInterface","name":"entity_form_builder","description":"The entity form builder service."},"entity.last_installed_schema.repository":{"type":"Drupal\\Core\\Entity\\EntityLastInstalledSchemaRepositoryInterface","name":"entity_last_installed_schema_repository","description":"The entity last installed schema repository."},"entity.memory_cache":{"type":"Drupal\\Core\\Cache\\CacheBackendInterface","name":"entity_memory_cache","description":"The entity.memory_cache service."},"entity.query.config":{"type":"Drupal\\Core\\Entity\\Query\\QueryFactoryInterface","name":"entity_query_config","description":"The entity.query.config service."},"entity.query.keyvalue":{"type":"Drupal\\Core\\Entity\\Query\\QueryFactoryInterface","name":"entity_query_keyvalue","description":"The entity.query.keyvalue service."},"entity.query.null":{"type":"Drupal\\Core\\Entity\\Query\\QueryFactoryInterface","name":"entity_query_null","description":"The entity.query.null service."},"entity.query.sql":{"type":"Drupal\\Core\\Entity\\Query\\QueryFactoryInterface","name":"entity_query_sql","description":"The entity.query.sql service."},"entity.repository":{"type":"Drupal\\Core\\Entity\\EntityRepositoryInterface","name":"entity_repository","description":"The entity repository."},"entity_bundle.listener":{"type":"Drupal\\Core\\Entity\\EntityBundleListenerInterface","name":"entity_bundle_listener","description":"The entity_bundle.listener service."},"entity_display.repository":{"type":"Drupal\\Core\\Entity\\EntityDisplayRepositoryInterface","name":"entity_display_repository","description":"The entity display repository."},"entity_field.deleted_fields_repository":{"type":"Drupal\\Core\\Field\\DeletedFieldsRepositoryInterface","name":"deleted_fields_repository","description":"The deleted fields repository."},"entity_field.manager":{"type":"Drupal\\Core\\Entity\\EntityFieldManagerInterface","name":"entity_field_manager","description":"The entity field manager."},"entity_route_subscriber":{"type":"Symfony\\Component\\EventDispatcher\\EventSubscriberInterface","name":"entity_route_subscriber","description":"The entity_route_subscriber service."},"entity_type.bundle.info":{"type":"Drupal\\Core\\Entity\\EntityTypeBundleInfoInterface","name":"entity_type_bundle_info","description":"The entity type bundle info."},"entity_type.listener":{"type":"Drupal\\Core\\Entity\\EntityTypeListenerInterface","name":"entity_type_listener","description":"The entity type listener interface."},"entity_type.manager":{"type":"Drupal\\Core\\Entity\\EntityTypeManagerInterface","name":"entity_type_manager","description":"The entity type manager."},"entity_type.repository":{"type":"Drupal\\Core\\Entity\\EntityTypeRepositoryInterface","name":"entity_type_repository","description":"The entity_type.repository service."},"event_dispatcher":{"type":"Symfony\\Contracts\\EventDispatcher\\EventDispatcherInterface","name":"event_dispatcher","description":"The event dispatcher."},"exception.custom_page_html":{"type":"Symfony\\Component\\EventDispatcher\\EventSubscriberInterface","name":"exception_custom_page_html","description":"The exception.custom_page_html service."},"exception.default_html":{"type":"Symfony\\Component\\EventDispatcher\\EventSubscriberInterface","name":"exception_default_html","description":"The exception.default_html service."},"exception.default_json":{"type":"Symfony\\Component\\EventDispatcher\\EventSubscriberInterface","name":"exception_default_json","description":"The exception.default_json service."},"exception.enforced_form_response":{"type":"Symfony\\Component\\EventDispatcher\\EventSubscriberInterface","name":"exception_enforced_form_response","description":"The exception.enforced_form_response service."},"exception.fast_404_html":{"type":"Symfony\\Component\\EventDispatcher\\EventSubscriberInterface","name":"exception_fast_404_html","description":"The exception.fast_404_html service."},"exception.final":{"type":"Symfony\\Component\\EventDispatcher\\EventSubscriberInterface","name":"exception_final","description":"The exception.final service."},"exception.logger":{"type":"Symfony\\Component\\EventDispatcher\\EventSubscriberInterface","name":"exception_logger","description":"The exception.logger service."},"exception.needs_installer":{"type":"Symfony\\Component\\EventDispatcher\\EventSubscriberInterface","name":"exception_needs_installer","description":"The exception.needs_installer service."},"exception.test_site":{"type":"Symfony\\Component\\EventDispatcher\\EventSubscriberInterface","name":"exception_test_site","description":"The exception.test_site service."},"extension.list.module":{"type":"Drupal\\Core\\Extension\\ModuleExtensionList","name":"extension_list_module","description":"The module extension list."},"extension.list.profile":{"type":"Drupal\\Core\\Extension\\ProfileExtensionList","name":"profile_list","description":"The profile extension list."},"extension.list.theme":{"type":"Drupal\\Core\\Extension\\ThemeExtensionList","name":"theme_list","description":"The theme extension list."},"extension.list.theme_engine":{"type":"Drupal\\Core\\Extension\\ThemeEngineExtensionList","name":"engine_list","description":"The theme engine extension listing."},"extension.path.resolver":{"type":"Drupal\\Core\\Extension\\ExtensionPathResolver","name":"extension_path_resolver","description":"The extension path resolver."},"feed.bridge.reader":{"type":"Laminas\\Feed\\Reader\\ExtensionManagerInterface","name":"feed_bridge_reader","description":"The feed.bridge.reader service."},"feed.bridge.writer":{"type":"Laminas\\Feed\\Reader\\ExtensionManagerInterface","name":"feed_bridge_writer","description":"The feed.bridge.writer service."},"feed.reader.atomentry":{"type":"Laminas\\Feed\\Reader\\Extension\\Atom\\Entry","name":"feed_reader_atomentry","description":"The feed.reader.atomentry service."},"feed.reader.atomfeed":{"type":"Laminas\\Feed\\Reader\\Extension\\Atom\\Feed","name":"feed_reader_atomfeed","description":"The feed.reader.atomfeed service."},"feed.reader.contententry":{"type":"Laminas\\Feed\\Reader\\Extension\\Content\\Entry","name":"feed_reader_contententry","description":"The feed.reader.contententry service."},"feed.reader.dublincoreentry":{"type":"Laminas\\Feed\\Reader\\Extension\\DublinCore\\Entry","name":"feed_reader_dublincoreentry","description":"The feed.reader.dublincoreentry service."},"feed.reader.dublincorefeed":{"type":"Laminas\\Feed\\Reader\\Extension\\DublinCore\\Feed","name":"feed_reader_dublincorefeed","description":"The feed.reader.dublincorefeed service."},"feed.reader.podcastentry":{"type":"Laminas\\Feed\\Reader\\Extension\\Podcast\\Entry","name":"feed_reader_podcastentry","description":"The feed.reader.podcastentry service."},"feed.reader.podcastfeed":{"type":"Laminas\\Feed\\Reader\\Extension\\Podcast\\Feed","name":"feed_reader_podcastfeed","description":"The feed.reader.podcastfeed service."},"feed.reader.slashentry":{"type":"Laminas\\Feed\\Reader\\Extension\\Slash\\Entry","name":"feed_reader_slashentry","description":"The feed.reader.slashentry service."},"feed.reader.threadentry":{"type":"Laminas\\Feed\\Reader\\Extension\\Thread\\Entry","name":"feed_reader_threadentry","description":"The feed.reader.threadentry service."},"feed.reader.wellformedwebentry":{"type":"Laminas\\Feed\\Reader\\Extension\\WellFormedWeb\\Entry","name":"feed_reader_wellformedwebentry","description":"The feed.reader.wellformedwebentry service."},"feed.writer.atomrendererfeed":{"type":"Laminas\\Feed\\Writer\\Extension\\RendererInterface","name":"feed_writer_atomrendererfeed","description":"The feed.writer.atomrendererfeed service."},"feed.writer.contentrendererentry":{"type":"Laminas\\Feed\\Writer\\Extension\\RendererInterface","name":"feed_writer_contentrendererentry","description":"The feed.writer.contentrendererentry service."},"feed.writer.dublincorerendererentry":{"type":"Laminas\\Feed\\Writer\\Extension\\RendererInterface","name":"feed_writer_dublincorerendererentry","description":"The feed.writer.dublincorerendererentry service."},"feed.writer.dublincorerendererfeed":{"type":"Laminas\\Feed\\Writer\\Extension\\RendererInterface","name":"feed_writer_dublincorerendererfeed","description":"The feed.writer.dublincorerendererfeed service."},"feed.writer.itunesentry":{"type":"Laminas\\Feed\\Writer\\Extension\\ITunes\\Entry","name":"feed_writer_itunesentry","description":"The feed.writer.itunesentry service."},"feed.writer.itunesfeed":{"type":"Laminas\\Feed\\Writer\\Extension\\ITunes\\Feed","name":"feed_writer_itunesfeed","description":"The feed.writer.itunesfeed service."},"feed.writer.itunesrendererentry":{"type":"Laminas\\Feed\\Writer\\Extension\\RendererInterface","name":"feed_writer_itunesrendererentry","description":"The feed.writer.itunesrendererentry service."},"feed.writer.itunesrendererfeed":{"type":"Laminas\\Feed\\Writer\\Extension\\RendererInterface","name":"feed_writer_itunesrendererfeed","description":"The feed.writer.itunesrendererfeed service."},"feed.writer.slashrendererentry":{"type":"Laminas\\Feed\\Writer\\Extension\\RendererInterface","name":"feed_writer_slashrendererentry","description":"The feed.writer.slashrendererentry service."},"feed.writer.threadingrendererentry":{"type":"Laminas\\Feed\\Writer\\Extension\\RendererInterface","name":"feed_writer_threadingrendererentry","description":"The feed.writer.threadingrendererentry service."},"feed.writer.wellformedwebrendererentry":{"type":"Laminas\\Feed\\Writer\\Extension\\RendererInterface","name":"feed_writer_wellformedwebrendererentry","description":"The feed.writer.wellformedwebrendererentry service."},"field.uninstall_validator":{"type":"Drupal\\Core\\Extension\\ModuleUninstallValidatorInterface","name":"field_uninstall_validator","description":"The field.uninstall_validator service."},"field_definition.listener":{"type":"Drupal\\Core\\Field\\FieldDefinitionListenerInterface","name":"field_definition_listener","description":"The field_definition.listener service."},"field_storage_definition.listener":{"type":"Drupal\\Core\\Field\\FieldStorageDefinitionListenerInterface","name":"field_storage_definition_listener","description":"The field storage definition listener service."},"field_ui.route_enhancer":{"type":"Drupal\\Core\\Routing\\EnhancerInterface","name":"field_ui_route_enhancer","description":"The field_ui.route_enhancer service."},"field_ui.subscriber":{"type":"Symfony\\Component\\EventDispatcher\\EventSubscriberInterface","name":"field_ui_subscriber","description":"The field_ui.subscriber service."},"file.htaccess_writer":{"type":"Drupal\\Core\\File\\HtaccessWriterInterface","name":"file_htaccess_writer","description":"The file.htaccess_writer service."},"file.mime_type.guesser":{"type":"Symfony\\Component\\HttpFoundation\\File\\MimeType\\MimeTypeGuesserInterface","name":"file_mime_type_guesser","description":"The file.mime_type.guesser service."},"file.mime_type.guesser.extension":{"type":"Symfony\\Component\\Mime\\MimeTypeGuesserInterface","name":"file_mime_type_guesser_extension","description":"The file.mime_type.guesser.extension service."},"file.usage":{"type":"Drupal\\file\\FileUsage\\FileUsageInterface","name":"file_usage","description":"The file.usage service."},"file_system":{"type":"Drupal\\Core\\File\\FileSystemInterface","name":"file_system","description":"The file handler."},"file_url_generator":{"type":"Drupal\\Core\\File\\FileUrlGeneratorInterface","name":"file_url_generator","description":"The file URL generator."},"filter.uninstall_validator":{"type":"Drupal\\Core\\Extension\\ModuleUninstallValidatorInterface","name":"filter_uninstall_validator","description":"The filter.uninstall_validator service."},"finish_response_subscriber":{"type":"Symfony\\Component\\EventDispatcher\\EventSubscriberInterface","name":"finish_response_subscriber","description":"The finish_response_subscriber service."},"flood":{"type":"Drupal\\Core\\Flood\\FloodInterface","name":"flood","description":"The flood service."},"form_ajax_response_builder":{"type":"Drupal\\Core\\Form\\FormAjaxResponseBuilderInterface","name":"form_ajax_response_builder","description":"The form AJAX response builder."},"form_ajax_subscriber":{"type":"Symfony\\Component\\EventDispatcher\\EventSubscriberInterface","name":"form_ajax_subscriber","description":"The form_ajax_subscriber service."},"form_builder":{"type":"Drupal\\Core\\Form\\FormBuilderInterface","name":"form_builder","description":"The form builder."},"form_error_handler":{"type":"Drupal\\Core\\Form\\FormErrorHandlerInterface","name":"form_error_handler","description":"The form error handler."},"form_submitter":{"type":"Drupal\\Core\\Form\\FormSubmitterInterface","name":"form_submitter","description":"The form submission processor."},"form_validator":{"type":"Drupal\\Core\\Form\\FormValidatorInterface","name":"form_validator","description":"The form validator."},"html_response.attachments_processor":{"type":"Drupal\\Core\\Render\\AttachmentsResponseProcessorInterface","name":"html_response_attachments_processor","description":"The HTML response attachments processor service."},"html_response.big_pipe_subscriber":{"type":"Symfony\\Component\\EventDispatcher\\EventSubscriberInterface","name":"html_response_big_pipe_subscriber","description":"The html_response.big_pipe_subscriber service."},"html_response.placeholder_strategy_subscriber":{"type":"Symfony\\Component\\EventDispatcher\\EventSubscriberInterface","name":"html_response_placeholder_strategy_subscriber","description":"The html_response.placeholder_strategy_subscriber service."},"html_response.subscriber":{"type":"Symfony\\Component\\EventDispatcher\\EventSubscriberInterface","name":"html_response_subscriber","description":"The html_response.subscriber service."},"http_client":{"type":"GuzzleHttp\\ClientInterface","name":"client","description":"The HTTP client."},"http_client_factory":{"type":"Drupal\\Core\\Http\\ClientFactory","name":"http_client_factory","description":"The http_client_factory service."},"http_kernel":{"type":"Symfony\\Component\\HttpKernel\\HttpKernelInterface","name":"http_kernel","description":"The HTTP kernel."},"http_kernel.basic":{"type":"Symfony\\Component\\HttpKernel\\HttpKernelInterface","name":"http_kernel","description":"The decorated kernel."},"http_kernel.controller.argument_resolver":{"type":"Symfony\\Component\\HttpKernel\\Controller\\ArgumentResolverInterface","name":"argument_resolver","description":"The argument resolver."},"http_middleware.kernel_pre_handle":{"type":"Symfony\\Component\\HttpKernel\\HttpKernelInterface","name":"http_kernel","description":"The decorated kernel."},"http_middleware.negotiation":{"type":"Symfony\\Component\\HttpKernel\\HttpKernelInterface","name":"http_middleware_negotiation","description":"The http_middleware.negotiation service."},"http_middleware.page_cache":{"type":"Symfony\\Component\\HttpKernel\\HttpKernelInterface","name":"http_kernel","description":"The decorated kernel."},"http_middleware.reverse_proxy":{"type":"Symfony\\Component\\HttpKernel\\HttpKernelInterface","name":"app","description":"The wrapper HTTP kernel"},"http_middleware.session":{"type":"Symfony\\Component\\HttpKernel\\HttpKernelInterface","name":"http_kernel","description":"The wrapped HTTP kernel."},"image.factory":{"type":"Drupal\\Core\\Image\\ImageFactory","name":"image_factory","description":"The image.factory service."},"image.toolkit.manager":{"type":"Drupal\\Core\\ImageToolkit\\ImageToolkitManager","name":"toolkit_manager","description":"The image toolkit manager."},"image.toolkit.operation.manager":{"type":"Drupal\\Component\\Plugin\\PluginManagerInterface","name":"image_toolkit_operation_manager","description":"The image.toolkit.operation.manager service."},"info_parser":{"type":"Drupal\\Core\\Extension\\InfoParserInterface","name":"info_parser","description":"The info parser."},"kernel":{"type":"Drupal\\Core\\DrupalKernelInterface","name":"drupal_kernel","description":"The main Drupal kernel."},"kernel_destruct_subscriber":{"type":"Symfony\\Component\\EventDispatcher\\EventSubscriberInterface","name":"kernel_destruct_subscriber","description":"The kernel_destruct_subscriber service."},"keyvalue":{"type":"Drupal\\Core\\KeyValueStore\\KeyValueFactoryInterface","name":"key_value_factory","description":"The key-value factory."},"keyvalue.database":{"type":"Drupal\\Core\\KeyValueStore\\KeyValueFactoryInterface","name":"keyvalue_database","description":"The keyvalue.database service."},"keyvalue.expirable":{"type":"Drupal\\Core\\KeyValueStore\\KeyValueExpirableFactoryInterface","name":"key_value_expirable_factory","description":"The expirable key\/value factory."},"keyvalue.expirable.database":{"type":"Drupal\\Core\\KeyValueStore\\KeyValueExpirableFactoryInterface","name":"keyvalue_expirable_database","description":"The keyvalue.expirable.database service."},"language.current_language_context":{"type":"Drupal\\Core\\Plugin\\Context\\ContextProviderInterface","name":"language_current_language_context","description":"The language.current_language_context service."},"language.default":{"type":"Drupal\\Core\\Language\\LanguageDefault","name":"default_language","description":"The default language."},"language_manager":{"type":"Drupal\\Core\\Language\\LanguageManagerInterface","name":"language_manager","description":"The language manager."},"library.dependency_resolver":{"type":"Drupal\\Core\\Asset\\LibraryDependencyResolverInterface","name":"library_dependency_resolver","description":"The library dependency resolver."},"library.discovery":{"type":"Drupal\\Core\\Asset\\LibraryDiscoveryInterface","name":"library_discovery","description":"The library discovery service."},"library.discovery.collector":{"type":"Drupal\\Core\\Cache\\CacheCollectorInterface","name":"library_discovery_collector","description":"The library discovery cache collector."},"library.discovery.parser":{"type":"Drupal\\Core\\Asset\\LibraryDiscoveryParser","name":"discovery_parser","description":"The library discovery parser."},"library.libraries_directory_file_finder":{"type":"Drupal\\Core\\Asset\\LibrariesDirectoryFileFinder","name":"libraries_directory_file_finder","description":"The libraries directory file finder."},"link_generator":{"type":"Drupal\\Core\\Utility\\LinkGeneratorInterface","name":"link_generator","description":"The link_generator service."},"lock":{"type":"Drupal\\Core\\Lock\\LockBackendInterface","name":"lock","description":"The lock backend."},"lock.persistent":{"type":"Drupal\\Core\\Lock\\LockBackendInterface","name":"persistentLock","description":"The persistent lock used by the config importer."},"logger.channel.contact":{"type":"Psr\\Log\\LoggerInterface","name":"logger","description":"A logger instance."},"logger.channel.cron":{"type":"Psr\\Log\\LoggerInterface","name":"logger","description":"A logger instance."},"logger.channel.default":{"type":"Psr\\Log\\LoggerInterface","name":"logger","description":"A logger instance."},"logger.channel.file":{"type":"Psr\\Log\\LoggerInterface","name":"logger","description":"The file logger channel."},"logger.channel.form":{"type":"Psr\\Log\\LoggerInterface","name":"logger","description":"A logger instance."},"logger.channel.image":{"type":"Psr\\Log\\LoggerInterface","name":"logger","description":"A logger instance."},"logger.channel.php":{"type":"Psr\\Log\\LoggerInterface","name":"logger","description":"The logger service."},"logger.channel.security":{"type":"Psr\\Log\\LoggerInterface","name":"logger","description":"The logger."},"logger.channel.system":{"type":"Psr\\Log\\LoggerInterface","name":"logger","description":"The logger."},"logger.channel.user":{"type":"Psr\\Log\\LoggerInterface","name":"logger","description":"A logger instance."},"logger.dblog":{"type":"Psr\\Log\\LoggerInterface","name":"logger_dblog","description":"The logger.dblog service."},"logger.factory":{"type":"Drupal\\Core\\Logger\\LoggerChannelFactoryInterface","name":"logger","description":"The logger channel factory."},"logger.log_message_parser":{"type":"Drupal\\Core\\Logger\\LogMessageParserInterface","name":"parser","description":"The parser to use when extracting message variables."},"main_content_renderer.ajax":{"type":"Drupal\\Core\\Render\\MainContent\\MainContentRendererInterface","name":"ajax_renderer","description":"The ajax renderer."},"main_content_renderer.dialog":{"type":"Drupal\\Core\\Render\\MainContent\\MainContentRendererInterface","name":"main_content_renderer_dialog","description":"The main_content_renderer.dialog service."},"main_content_renderer.html":{"type":"Drupal\\Core\\Render\\MainContent\\MainContentRendererInterface","name":"main_content_renderer_html","description":"The main_content_renderer.html service."},"main_content_renderer.modal":{"type":"Drupal\\Core\\Render\\MainContent\\MainContentRendererInterface","name":"main_content_renderer_modal","description":"The main_content_renderer.modal service."},"main_content_renderer.off_canvas":{"type":"Drupal\\Core\\Render\\MainContent\\MainContentRendererInterface","name":"main_content_renderer_off_canvas","description":"The main_content_renderer.off_canvas service."},"main_content_renderer.off_canvas_top":{"type":"Drupal\\Core\\Render\\MainContent\\MainContentRendererInterface","name":"main_content_renderer_off_canvas_top","description":"The main_content_renderer.off_canvas_top service."},"main_content_view_subscriber":{"type":"Symfony\\Component\\EventDispatcher\\EventSubscriberInterface","name":"main_content_view_subscriber","description":"The main_content_view_subscriber service."},"maintenance_mode":{"type":"Drupal\\Core\\Site\\MaintenanceModeInterface","name":"maintenance_mode","description":"The maintenance mode."},"maintenance_mode_subscriber":{"type":"Symfony\\Component\\EventDispatcher\\EventSubscriberInterface","name":"maintenance_mode_subscriber","description":"The maintenance_mode_subscriber service."},"menu.active_trail":{"type":"Drupal\\Core\\Menu\\MenuActiveTrailInterface","name":"menu_active_trail","description":"The active menu trail service."},"menu.default_tree_manipulators":{"type":"Drupal\\Core\\Menu\\DefaultMenuLinkTreeManipulators","name":"menu_default_tree_manipulators","description":"The menu.default_tree_manipulators service."},"menu.link_tree":{"type":"Drupal\\Core\\Menu\\MenuLinkTreeInterface","name":"menu_link_tree","description":"The menu link tree service."},"menu.parent_form_selector":{"type":"Drupal\\Core\\Menu\\MenuParentFormSelectorInterface","name":"menu_parent_form_selector","description":"The menu.parent_form_selector service."},"menu.rebuild_subscriber":{"type":"Symfony\\Component\\EventDispatcher\\EventSubscriberInterface","name":"menu_rebuild_subscriber","description":"The menu.rebuild_subscriber service."},"menu_link.static.overrides":{"type":"Drupal\\Core\\Menu\\StaticMenuLinkOverridesInterface","name":"overrides","description":"The service providing overrides for static links."},"messenger":{"type":"Drupal\\Core\\Messenger\\MessengerInterface","name":"messenger","description":"The messenger."},"method_filter":{"type":"Drupal\\Core\\Routing\\FilterInterface","name":"method_filter","description":"The method_filter service."},"module_handler":{"type":"Drupal\\Core\\Extension\\ModuleHandlerInterface","name":"module_handler","description":"The module handler."},"module_required_by_themes_uninstall_validator":{"type":"Drupal\\Core\\Extension\\ModuleUninstallValidatorInterface","name":"module_required_by_themes_uninstall_validator","description":"The module_required_by_themes_uninstall_validator service."},"node.admin_path.route_subscriber":{"type":"Symfony\\Component\\EventDispatcher\\EventSubscriberInterface","name":"node_admin_path_route_subscriber","description":"The node.admin_path.route_subscriber service."},"node.grant_storage":{"type":"Drupal\\node\\NodeGrantDatabaseStorageInterface","name":"node_grant_storage","description":"The node.grant_storage service."},"node.node_route_context":{"type":"Drupal\\Core\\Plugin\\Context\\ContextProviderInterface","name":"node_node_route_context","description":"The node.node_route_context service."},"node.route_subscriber":{"type":"Symfony\\Component\\EventDispatcher\\EventSubscriberInterface","name":"node_route_subscriber","description":"The node.route_subscriber service."},"node_preview":{"type":"Drupal\\Core\\ParamConverter\\ParamConverterInterface","name":"node_preview","description":"The node_preview service."},"options_request_listener":{"type":"Symfony\\Component\\EventDispatcher\\EventSubscriberInterface","name":"options_request_listener","description":"The options_request_listener service."},"page_cache_kill_switch":{"type":"Drupal\\Core\\PageCache\\ResponsePolicy\\KillSwitch","name":"killSwitch","description":"The kill switch."},"page_cache_request_policy":{"type":"Drupal\\Core\\PageCache\\RequestPolicyInterface","name":"request_policy","description":"A policy rule determining the cacheability of a request."},"page_cache_response_policy":{"type":"Drupal\\Core\\PageCache\\ResponsePolicyInterface","name":"response_policy","description":"A policy rule determining the cacheability of a response."},"pager.manager":{"type":"Drupal\\Core\\Pager\\PagerManagerInterface","name":"pager_manager","description":"The pager.manager service."},"pager.parameters":{"type":"Drupal\\Core\\Pager\\PagerParametersInterface","name":"pager_params","description":"The pager parameters."},"paramconverter.configentity_admin":{"type":"Drupal\\Core\\ParamConverter\\ParamConverterInterface","name":"paramconverter_configentity_admin","description":"The paramconverter.configentity_admin service."},"paramconverter.entity":{"type":"Drupal\\Core\\ParamConverter\\ParamConverterInterface","name":"paramconverter_entity","description":"The paramconverter.entity service."},"paramconverter.entity_revision":{"type":"Drupal\\Core\\ParamConverter\\ParamConverterInterface","name":"paramconverter_entity_revision","description":"The paramconverter.entity_revision service."},"paramconverter.menu_link":{"type":"Drupal\\Core\\ParamConverter\\ParamConverterInterface","name":"paramconverter_menu_link","description":"The paramconverter.menu_link service."},"paramconverter.views_ui":{"type":"Drupal\\Core\\ParamConverter\\ParamConverterInterface","name":"paramconverter_views_ui","description":"The paramconverter.views_ui service."},"paramconverter_manager":{"type":"Drupal\\Core\\ParamConverter\\ParamConverterManagerInterface","name":"param_converter_manager","description":"The parameter converter manager that will be responsible for upcasting"},"paramconverter_subscriber":{"type":"Symfony\\Component\\EventDispatcher\\EventSubscriberInterface","name":"paramconverter_subscriber","description":"The paramconverter_subscriber service."},"password":{"type":"Drupal\\Core\\Password\\PasswordInterface","name":"password_checker","description":"The password service."},"password_generator":{"type":"Drupal\\Core\\Password\\PasswordGeneratorInterface","name":"password_generator","description":"The password_generator service."},"path.current":{"type":"Drupal\\Core\\Path\\CurrentPathStack","name":"current_path","description":"The current path."},"path.matcher":{"type":"Drupal\\Core\\Path\\PathMatcherInterface","name":"path_matcher","description":"The path matcher."},"path.validator":{"type":"Drupal\\Core\\Path\\PathValidatorInterface","name":"path_validator","description":"The path.validator service."},"path_alias.manager":{"type":"Drupal\\path_alias\\AliasManagerInterface","name":"alias_manager","description":"The alias manager."},"path_alias.path_processor":{"type":"Drupal\\Core\\PathProcessor\\InboundPathProcessorInterface","name":"path_alias_path_processor","description":"The path_alias.path_processor service."},"path_alias.repository":{"type":"Drupal\\path_alias\\AliasRepositoryInterface","name":"alias_repository","description":"The path alias repository."},"path_alias.subscriber":{"type":"Symfony\\Component\\EventDispatcher\\EventSubscriberInterface","name":"path_alias_subscriber","description":"The path_alias.subscriber service."},"path_alias.whitelist":{"type":"Drupal\\Core\\Cache\\CacheCollectorInterface","name":"path_alias_whitelist","description":"The path_alias.whitelist service."},"path_processor.files":{"type":"Drupal\\Core\\PathProcessor\\InboundPathProcessorInterface","name":"path_processor_files","description":"The path_processor.files service."},"path_processor.image_styles":{"type":"Drupal\\Core\\PathProcessor\\InboundPathProcessorInterface","name":"path_processor_image_styles","description":"The path_processor.image_styles service."},"path_processor_decode":{"type":"Drupal\\Core\\PathProcessor\\InboundPathProcessorInterface","name":"path_processor_decode","description":"The path_processor_decode service."},"path_processor_front":{"type":"Drupal\\Core\\PathProcessor\\InboundPathProcessorInterface","name":"path_processor_front","description":"The path_processor_front service."},"path_processor_manager":{"type":"Drupal\\Core\\PathProcessor\\InboundPathProcessorInterface","name":"path_processor","description":"The path processor."},"pgsql.entity.query.sql":{"type":"Drupal\\Core\\Entity\\Query\\QueryFactoryInterface","name":"pgsql_entity_query_sql","description":"The pgsql.entity.query.sql service."},"placeholder_strategy":{"type":"Drupal\\Core\\Render\\Placeholder\\PlaceholderStrategyInterface","name":"placeholder_strategy","description":"The placeholder strategy to use."},"placeholder_strategy.big_pipe":{"type":"Drupal\\Core\\Render\\Placeholder\\PlaceholderStrategyInterface","name":"placeholder_strategy_big_pipe","description":"The placeholder_strategy.big_pipe service."},"placeholder_strategy.single_flush":{"type":"Drupal\\Core\\Render\\Placeholder\\PlaceholderStrategyInterface","name":"placeholder_strategy_single_flush","description":"The placeholder_strategy.single_flush service."},"plugin.cache_clearer":{"type":"Drupal\\Core\\Plugin\\CachedDiscoveryClearerInterface","name":"plugin_cache_clearer","description":"The plugin.cache_clearer service."},"plugin.manager.action":{"type":"Drupal\\Component\\Plugin\\PluginManagerInterface","name":"plugin_manager_action","description":"The plugin.manager.action service."},"plugin.manager.archiver":{"type":"Drupal\\Core\\Cache\\CacheableDependencyInterface","name":"plugin_manager_archiver","description":"The plugin.manager.archiver service."},"plugin.manager.block":{"type":"Drupal\\Component\\Plugin\\PluginManagerInterface","name":"plugin_manager_block","description":"The plugin.manager.block service."},"plugin.manager.ckeditor.plugin":{"type":"Drupal\\Core\\Cache\\CacheableDependencyInterface","name":"plugin_manager_ckeditor_plugin","description":"The plugin.manager.ckeditor.plugin service."},"plugin.manager.condition":{"type":"Drupal\\Component\\Plugin\\PluginManagerInterface","name":"plugin_manager_condition","description":"The plugin.manager.condition service."},"plugin.manager.display_variant":{"type":"Drupal\\Component\\Plugin\\PluginManagerInterface","name":"display_variant_manager","description":"The display variant manager."},"plugin.manager.editor":{"type":"Drupal\\Component\\Plugin\\PluginManagerInterface","name":"plugin_manager","description":"The Text Editor plugin manager service."},"plugin.manager.element_info":{"type":"Drupal\\Core\\Render\\ElementInfoManagerInterface","name":"element_info","description":"The element info manager."},"plugin.manager.entity_reference_selection":{"type":"Drupal\\Core\\Entity\\EntityReferenceSelection\\SelectionPluginManagerInterface","name":"selection_manager","description":"The entity reference selection handler plugin manager."},"plugin.manager.field.field_type":{"type":"Drupal\\Core\\Field\\FieldTypePluginManagerInterface","name":"field_type_manager","description":"The 'field type' plugin manager."},"plugin.manager.field.formatter":{"type":"Drupal\\Core\\Cache\\CacheableDependencyInterface","name":"plugin_manager_field_formatter","description":"The plugin.manager.field.formatter service."},"plugin.manager.field.widget":{"type":"Drupal\\Core\\Cache\\CacheableDependencyInterface","name":"plugin_manager_field_widget","description":"The plugin.manager.field.widget service."},"plugin.manager.filter":{"type":"Drupal\\Component\\Plugin\\PluginManagerInterface","name":"filter_manager","description":"The filter plugin manager."},"plugin.manager.help_section":{"type":"Drupal\\Core\\Cache\\CacheableDependencyInterface","name":"plugin_manager_help_section","description":"The plugin.manager.help_section service."},"plugin.manager.image.effect":{"type":"Drupal\\Core\\Cache\\CacheableDependencyInterface","name":"plugin_manager_image_effect","description":"The plugin.manager.image.effect service."},"plugin.manager.link_relation_type":{"type":"Drupal\\Core\\Cache\\CacheableDependencyInterface","name":"plugin_manager_link_relation_type","description":"The plugin.manager.link_relation_type service."},"plugin.manager.mail":{"type":"Drupal\\Core\\Mail\\MailManagerInterface","name":"mail_manager","description":"Mail manager service."},"plugin.manager.menu.contextual_link":{"type":"Drupal\\Component\\Plugin\\PluginManagerInterface","name":"plugin_manager_menu_contextual_link","description":"The plugin.manager.menu.contextual_link service."},"plugin.manager.menu.link":{"type":"Drupal\\Core\\Menu\\MenuLinkManagerInterface","name":"menu_link_manager","description":"The menu link plugin manager."},"plugin.manager.menu.local_action":{"type":"Drupal\\Component\\Plugin\\PluginManagerInterface","name":"plugin_manager_menu_local_action","description":"The plugin.manager.menu.local_action service."},"plugin.manager.menu.local_task":{"type":"Drupal\\Component\\Plugin\\PluginManagerInterface","name":"plugin_manager_menu_local_task","description":"The plugin.manager.menu.local_task service."},"plugin.manager.queue_worker":{"type":"Drupal\\Core\\Queue\\QueueWorkerManagerInterface","name":"queue_manager","description":"The queue plugin manager."},"plugin.manager.search":{"type":"Drupal\\Core\\Cache\\CacheableDependencyInterface","name":"plugin_manager_search","description":"The plugin.manager.search service."},"plugin.manager.tour.tip":{"type":"Drupal\\Core\\Cache\\CacheableDependencyInterface","name":"plugin_manager_tour_tip","description":"The plugin.manager.tour.tip service."},"plugin.manager.views.access":{"type":"Drupal\\Core\\Cache\\CacheableDependencyInterface","name":"plugin_manager_views_access","description":"The plugin.manager.views.access service."},"plugin.manager.views.area":{"type":"Drupal\\Component\\Plugin\\PluginManagerInterface","name":"plugin_manager_views_area","description":"The plugin.manager.views.area service."},"plugin.manager.views.argument":{"type":"Drupal\\Component\\Plugin\\PluginManagerInterface","name":"plugin_manager_views_argument","description":"The plugin.manager.views.argument service."},"plugin.manager.views.argument_default":{"type":"Drupal\\Core\\Cache\\CacheableDependencyInterface","name":"plugin_manager_views_argument_default","description":"The plugin.manager.views.argument_default service."},"plugin.manager.views.argument_validator":{"type":"Drupal\\Core\\Cache\\CacheableDependencyInterface","name":"plugin_manager_views_argument_validator","description":"The plugin.manager.views.argument_validator service."},"plugin.manager.views.cache":{"type":"Drupal\\Core\\Cache\\CacheableDependencyInterface","name":"plugin_manager_views_cache","description":"The plugin.manager.views.cache service."},"plugin.manager.views.display":{"type":"Drupal\\Core\\Cache\\CacheableDependencyInterface","name":"plugin_manager_views_display","description":"The plugin.manager.views.display service."},"plugin.manager.views.display_extender":{"type":"Drupal\\Core\\Cache\\CacheableDependencyInterface","name":"plugin_manager_views_display_extender","description":"The plugin.manager.views.display_extender service."},"plugin.manager.views.exposed_form":{"type":"Drupal\\Core\\Cache\\CacheableDependencyInterface","name":"plugin_manager_views_exposed_form","description":"The plugin.manager.views.exposed_form service."},"plugin.manager.views.field":{"type":"Drupal\\Component\\Plugin\\PluginManagerInterface","name":"plugin_manager_views_field","description":"The plugin.manager.views.field service."},"plugin.manager.views.filter":{"type":"Drupal\\Component\\Plugin\\PluginManagerInterface","name":"plugin_manager_views_filter","description":"The plugin.manager.views.filter service."},"plugin.manager.views.join":{"type":"Drupal\\Component\\Plugin\\PluginManagerInterface","name":"plugin_manager_views_join","description":"The plugin.manager.views.join service."},"plugin.manager.views.pager":{"type":"Drupal\\Core\\Cache\\CacheableDependencyInterface","name":"plugin_manager_views_pager","description":"The plugin.manager.views.pager service."},"plugin.manager.views.query":{"type":"Drupal\\Core\\Cache\\CacheableDependencyInterface","name":"plugin_manager_views_query","description":"The plugin.manager.views.query service."},"plugin.manager.views.relationship":{"type":"Drupal\\Component\\Plugin\\PluginManagerInterface","name":"plugin_manager_views_relationship","description":"The plugin.manager.views.relationship service."},"plugin.manager.views.row":{"type":"Drupal\\Core\\Cache\\CacheableDependencyInterface","name":"plugin_manager_views_row","description":"The plugin.manager.views.row service."},"plugin.manager.views.sort":{"type":"Drupal\\Component\\Plugin\\PluginManagerInterface","name":"plugin_manager_views_sort","description":"The plugin.manager.views.sort service."},"plugin.manager.views.style":{"type":"Drupal\\Core\\Cache\\CacheableDependencyInterface","name":"plugin_manager_views_style","description":"The plugin.manager.views.style service."},"plugin.manager.views.wizard":{"type":"Drupal\\Core\\Cache\\CacheableDependencyInterface","name":"plugin_manager_views_wizard","description":"The plugin.manager.views.wizard service."},"plugin_form.factory":{"type":"Drupal\\Core\\Plugin\\PluginFormFactoryInterface","name":"plugin_form_factory","description":"The plugin_form.factory service."},"private_key":{"type":"Drupal\\Core\\PrivateKey","name":"private_key","description":"The private key service."},"psr7.http_foundation_factory":{"type":"Symfony\\Bridge\\PsrHttpMessage\\HttpFoundationFactoryInterface","name":"http_foundation_factory","description":"The httpFoundation factory."},"psr7.http_message_factory":{"type":"Symfony\\Bridge\\PsrHttpMessage\\HttpMessageFactoryInterface","name":"http_message_factory","description":"The PSR-7 converter."},"psr_response_view_subscriber":{"type":"Symfony\\Component\\EventDispatcher\\EventSubscriberInterface","name":"psr_response_view_subscriber","description":"The psr_response_view_subscriber service."},"queue":{"type":"Drupal\\Core\\Queue\\QueueFactory","name":"queue_factory","description":"The queue factory"},"queue.database":{"type":"Drupal\\Core\\Queue\\QueueDatabaseFactory","name":"queue_database","description":"The queue.database service."},"redirect.destination":{"type":"Drupal\\Core\\Routing\\RedirectDestinationInterface","name":"redirect_destination","description":"The redirect destination service."},"redirect_leading_slashes_subscriber":{"type":"Symfony\\Component\\EventDispatcher\\EventSubscriberInterface","name":"redirect_leading_slashes_subscriber","description":"The redirect_leading_slashes_subscriber service."},"redirect_response_subscriber":{"type":"Symfony\\Component\\EventDispatcher\\EventSubscriberInterface","name":"redirect_response_subscriber","description":"The redirect_response_subscriber service."},"render_cache":{"type":"Drupal\\Core\\Render\\RenderCacheInterface","name":"render_cache","description":"The render cache service."},"render_placeholder_generator":{"type":"Drupal\\Core\\Render\\PlaceholderGeneratorInterface","name":"placeholder_generator","description":"The placeholder generator."},"renderer":{"type":"Drupal\\Core\\Render\\RendererInterface","name":"renderer","description":"The renderer."},"renderer_non_html":{"type":"Symfony\\Component\\EventDispatcher\\EventSubscriberInterface","name":"renderer_non_html","description":"The renderer_non_html service."},"request_close_subscriber":{"type":"Symfony\\Component\\EventDispatcher\\EventSubscriberInterface","name":"request_close_subscriber","description":"The request_close_subscriber service."},"request_format_route_filter":{"type":"Drupal\\Core\\Routing\\FilterInterface","name":"request_format_route_filter","description":"The request_format_route_filter service."},"request_stack":{"type":"Symfony\\Component\\HttpFoundation\\RequestStack","name":"request_stack","description":"The request stack."},"required_module_uninstall_validator":{"type":"Drupal\\Core\\Extension\\ModuleUninstallValidatorInterface","name":"required_module_uninstall_validator","description":"The required_module_uninstall_validator service."},"resolver_manager.entity":{"type":"Drupal\\Core\\Entity\\EntityResolverManager","name":"entity_resolver_manager","description":"The entity resolver manager."},"response_filter.active_link":{"type":"Symfony\\Component\\EventDispatcher\\EventSubscriberInterface","name":"response_filter_active_link","description":"The response_filter.active_link service."},"response_filter.rss.relative_url":{"type":"Symfony\\Component\\EventDispatcher\\EventSubscriberInterface","name":"response_filter_rss_relative_url","description":"The response_filter.rss.relative_url service."},"response_generator_subscriber":{"type":"Symfony\\Component\\EventDispatcher\\EventSubscriberInterface","name":"response_generator_subscriber","description":"The response_generator_subscriber service."},"route_access_response_subscriber":{"type":"Symfony\\Component\\EventDispatcher\\EventSubscriberInterface","name":"route_access_response_subscriber","description":"The route_access_response_subscriber service."},"route_enhancer.entity":{"type":"Drupal\\Core\\Routing\\EnhancerInterface","name":"route_enhancer_entity","description":"The route_enhancer.entity service."},"route_enhancer.entity_revision":{"type":"Drupal\\Core\\Routing\\EnhancerInterface","name":"route_enhancer_entity_revision","description":"The route_enhancer.entity_revision service."},"route_enhancer.form":{"type":"Drupal\\Core\\Routing\\EnhancerInterface","name":"route_enhancer_form","description":"The route_enhancer.form service."},"route_enhancer.param_conversion":{"type":"Drupal\\Core\\Routing\\EnhancerInterface","name":"route_enhancer_param_conversion","description":"The route_enhancer.param_conversion service."},"route_http_method_subscriber":{"type":"Symfony\\Component\\EventDispatcher\\EventSubscriberInterface","name":"route_http_method_subscriber","description":"The route_http_method_subscriber service."},"route_processor_csrf":{"type":"Drupal\\Core\\RouteProcessor\\OutboundRouteProcessorInterface","name":"route_processor_csrf","description":"The route_processor_csrf service."},"route_processor_current":{"type":"Drupal\\Core\\RouteProcessor\\OutboundRouteProcessorInterface","name":"route_processor_current","description":"The route_processor_current service."},"route_processor_manager":{"type":"Drupal\\Core\\RouteProcessor\\OutboundRouteProcessorInterface","name":"route_processor_manager","description":"The route_processor_manager service."},"route_special_attributes_subscriber":{"type":"Symfony\\Component\\EventDispatcher\\EventSubscriberInterface","name":"route_special_attributes_subscriber","description":"The route_special_attributes_subscriber service."},"route_subscriber.entity":{"type":"Symfony\\Component\\EventDispatcher\\EventSubscriberInterface","name":"route_subscriber_entity","description":"The route_subscriber.entity service."},"route_subscriber.module":{"type":"Symfony\\Component\\EventDispatcher\\EventSubscriberInterface","name":"route_subscriber_module","description":"The route_subscriber.module service."},"route_subscriber.no_big_pipe":{"type":"Symfony\\Component\\EventDispatcher\\EventSubscriberInterface","name":"route_subscriber_no_big_pipe","description":"The route_subscriber.no_big_pipe service."},"router":{"type":"Drupal\\Core\\Routing\\AccessAwareRouterInterface","name":"access_aware_router","description":"The access aware router."},"router.admin_context":{"type":"Drupal\\Core\\Routing\\AdminContext","name":"admin_context","description":"The route admin context to determine whether the route is an admin one."},"router.builder":{"type":"Drupal\\Core\\Routing\\RouteBuilderInterface","name":"route_builder","description":"The router builder service."},"router.dumper":{"type":"Drupal\\Core\\Routing\\MatcherDumperInterface","name":"dumper","description":"The matcher dumper used to store the route information."},"router.no_access_checks":{"type":"Symfony\\Component\\Routing\\Matcher\\UrlMatcherInterface","name":"access_unaware_router","description":"A router implementation which does not check access."},"router.path_roots_subscriber":{"type":"Symfony\\Component\\EventDispatcher\\EventSubscriberInterface","name":"router_path_roots_subscriber","description":"The router.path_roots_subscriber service."},"router.request_context":{"type":"Drupal\\Core\\Routing\\RequestContext","name":"request_context","description":"The request context."},"router.route_preloader":{"type":"Symfony\\Component\\EventDispatcher\\EventSubscriberInterface","name":"router_route_preloader","description":"The router.route_preloader service."},"router.route_provider":{"type":"Drupal\\Core\\Routing\\RouteProviderInterface","name":"route_provider","description":"The route provider."},"router.route_provider.lazy_builder":{"type":"Drupal\\Core\\Routing\\PreloadableRouteProviderInterface","name":"router_route_provider_lazy_builder","description":"The router.route_provider.lazy_builder service."},"router_listener":{"type":"Symfony\\Component\\EventDispatcher\\EventSubscriberInterface","name":"router_listener","description":"The router_listener service."},"search.index":{"type":"Drupal\\search\\SearchIndexInterface","name":"search_index","description":"The search.index service."},"search.search_page_repository":{"type":"Drupal\\search\\SearchPageRepositoryInterface","name":"search_search_page_repository","description":"The search.search_page_repository service."},"search.text_processor":{"type":"Drupal\\search\\SearchTextProcessorInterface","name":"text_processor","description":"The text processor."},"serialization.json":{"type":"Drupal\\Component\\Serialization\\SerializationInterface","name":"serialization_json","description":"The serialization.json service."},"serialization.phpserialize":{"type":"Drupal\\Component\\Serialization\\SerializationInterface","name":"serializer","description":"The serialization class to use."},"serialization.yaml":{"type":"Drupal\\Component\\Serialization\\SerializationInterface","name":"serialization_yaml","description":"The serialization.yaml service."},"service_container":{"type":"Symfony\\Component\\DependencyInjection\\ContainerInterface","name":"container","description":"The container."},"session":{"type":"Symfony\\Component\\HttpFoundation\\Session\\SessionInterface","name":"session","description":"The session."},"session_configuration":{"type":"Drupal\\Core\\Session\\SessionConfigurationInterface","name":"session_configuration","description":"The session configuration."},"session_handler.storage":{"type":"SessionHandlerInterface","name":"wrapped_session_handler","description":"The underlying session handler."},"session_handler.write_safe":{"type":"Drupal\\Core\\Session\\WriteSafeSessionHandlerInterface","name":"write_safe_handler","description":"The write-safe session handler."},"session_manager.metadata_bag":{"type":"Drupal\\Core\\Session\\MetadataBag","name":"session_metadata","description":"The session metadata bag."},"settings":{"type":"Drupal\\Core\\Site\\Settings","name":"settings","description":"The site settings."},"shortcut.lazy_builders":{"type":"Drupal\\Core\\Security\\TrustedCallbackInterface","name":"shortcut_lazy_builders","description":"The shortcut.lazy_builders service."},"state":{"type":"Drupal\\Core\\State\\StateInterface","name":"state","description":"The state."},"stream_wrapper.public":{"type":"Drupal\\Core\\StreamWrapper\\PhpStreamWrapperInterface","name":"stream_wrapper_public","description":"The stream_wrapper.public service."},"stream_wrapper.temporary":{"type":"Drupal\\Core\\StreamWrapper\\PhpStreamWrapperInterface","name":"stream_wrapper_temporary","description":"The stream_wrapper.temporary service."},"stream_wrapper_manager":{"type":"Drupal\\Core\\StreamWrapper\\StreamWrapperManagerInterface","name":"stream_wrapper_manager","description":"The stream wrapper manager."},"string_translation":{"type":"Drupal\\Core\\StringTranslation\\TranslationInterface","name":"string_translation","description":"The string translation service."},"string_translator.custom_strings":{"type":"Drupal\\Core\\StringTranslation\\Translator\\TranslatorInterface","name":"string_translator_custom_strings","description":"The string_translator.custom_strings service."},"system.admin_path.route_subscriber":{"type":"Symfony\\Component\\EventDispatcher\\EventSubscriberInterface","name":"system_admin_path_route_subscriber","description":"The system.admin_path.route_subscriber service."},"system.advisories_config_subscriber":{"type":"Symfony\\Component\\EventDispatcher\\EventSubscriberInterface","name":"system_advisories_config_subscriber","description":"The system.advisories_config_subscriber service."},"system.breadcrumb.default":{"type":"Drupal\\Core\\Breadcrumb\\BreadcrumbBuilderInterface","name":"system_breadcrumb_default","description":"The system.breadcrumb.default service."},"system.config_cache_tag":{"type":"Symfony\\Component\\EventDispatcher\\EventSubscriberInterface","name":"system_config_cache_tag","description":"The system.config_cache_tag service."},"system.config_subscriber":{"type":"Symfony\\Component\\EventDispatcher\\EventSubscriberInterface","name":"system_config_subscriber","description":"The system.config_subscriber service."},"system.file_event.subscriber":{"type":"Symfony\\Component\\EventDispatcher\\EventSubscriberInterface","name":"system_file_event_subscriber","description":"The system.file_event.subscriber service."},"system.manager":{"type":"Drupal\\system\\SystemManager","name":"system_manager","description":"The system.manager service."},"system.sa_fetcher":{"type":"Drupal\\system\\SecurityAdvisories\\SecurityAdvisoriesFetcher","name":"security_advisories_fetcher","description":"The security advisory fetcher service."},"system.timezone_resolver":{"type":"Symfony\\Component\\EventDispatcher\\EventSubscriberInterface","name":"system_timezone_resolver","description":"The system.timezone_resolver service."},"taxonomy_term.breadcrumb":{"type":"Drupal\\Core\\Breadcrumb\\BreadcrumbBuilderInterface","name":"taxonomy_term_breadcrumb","description":"The taxonomy_term.breadcrumb service."},"taxonomy_term.taxonomy_term_route_context":{"type":"Drupal\\Core\\Plugin\\Context\\ContextProviderInterface","name":"taxonomy_term_taxonomy_term_route_context","description":"The taxonomy_term.taxonomy_term_route_context service."},"tempstore.private":{"type":"Drupal\\Core\\TempStore\\PrivateTempStoreFactory","name":"temp_store_factory","description":"The tempstore service."},"tempstore.shared":{"type":"Drupal\\Core\\TempStore\\SharedTempStoreFactory","name":"temp_store_factory","description":"The factory for the temp store object."},"theme.initialization":{"type":"Drupal\\Core\\Theme\\ThemeInitializationInterface","name":"theme_initialization","description":"The theme initialization."},"theme.manager":{"type":"Drupal\\Core\\Theme\\ThemeManagerInterface","name":"theme_manager","description":"The theme manager."},"theme.negotiator":{"type":"Drupal\\Core\\Theme\\ThemeNegotiatorInterface","name":"theme_negotiator","description":"The theme negotiator."},"theme.negotiator.admin_theme":{"type":"Drupal\\Core\\Theme\\ThemeNegotiatorInterface","name":"theme_negotiator_admin_theme","description":"The theme.negotiator.admin_theme service."},"theme.negotiator.ajax_base_page":{"type":"Drupal\\Core\\Theme\\ThemeNegotiatorInterface","name":"theme_negotiator_ajax_base_page","description":"The theme.negotiator.ajax_base_page service."},"theme.negotiator.block.admin_demo":{"type":"Drupal\\Core\\Theme\\ThemeNegotiatorInterface","name":"theme_negotiator_block_admin_demo","description":"The theme.negotiator.block.admin_demo service."},"theme.negotiator.default":{"type":"Drupal\\Core\\Theme\\ThemeNegotiatorInterface","name":"theme_negotiator_default","description":"The theme.negotiator.default service."},"theme.negotiator.system.batch":{"type":"Drupal\\Core\\Theme\\ThemeNegotiatorInterface","name":"theme_negotiator_system_batch","description":"The theme.negotiator.system.batch service."},"theme.negotiator.system.db_update":{"type":"Drupal\\Core\\Theme\\ThemeNegotiatorInterface","name":"theme_negotiator_system_db_update","description":"The theme.negotiator.system.db_update service."},"theme.registry":{"type":"Drupal\\Core\\Theme\\Registry","name":"theme_registry","description":"The theme registry."},"theme_handler":{"type":"Drupal\\Core\\Extension\\ThemeHandlerInterface","name":"theme_handler","description":"The theme handler."},"theme_installer":{"type":"Drupal\\Core\\Extension\\ThemeInstallerInterface","name":"theme_installer","description":"The theme_installer service."},"title_resolver":{"type":"Drupal\\Core\\Controller\\TitleResolverInterface","name":"title_resolver","description":"The title resolver."},"token":{"type":"Drupal\\Core\\Utility\\Token","name":"token","description":"The token service."},"toolbar.page_cache_request_policy.allow_toolbar_path":{"type":"Drupal\\Core\\PageCache\\RequestPolicyInterface","name":"toolbar_page_cache_request_policy_allow_toolbar_path","description":"The toolbar.page_cache_request_policy.allow_toolbar_path service."},"transliteration":{"type":"Drupal\\Component\\Transliteration\\TransliterationInterface","name":"transliteration","description":"The transliteration service."},"twig.extension":{"type":"Twig\\Extension\\ExtensionInterface","name":"twig_extension","description":"The twig.extension service."},"twig.extension.debug":{"type":"Twig\\Extension\\ExtensionInterface","name":"twig_extension_debug","description":"The twig.extension.debug service."},"twig.loader.filesystem":{"type":"Twig\\Loader\\SourceContextLoaderInterface","name":"twig_loader_filesystem","description":"The twig.loader.filesystem service."},"twig.loader.string":{"type":"Twig\\Loader\\LoaderInterface","name":"twig_loader_string","description":"The twig.loader.string service."},"twig.loader.theme_registry":{"type":"Twig\\Loader\\SourceContextLoaderInterface","name":"twig_loader_theme_registry","description":"The twig.loader.theme_registry service."},"typed_data_manager":{"type":"Drupal\\Core\\TypedData\\TypedDataManagerInterface","name":"typed_data_manager","description":"The typed data manager."},"unrouted_url_assembler":{"type":"Drupal\\Core\\Utility\\UnroutedUrlAssemblerInterface","name":"url_assembler","description":"The unrouted URL assembler service."},"update.fetcher":{"type":"Drupal\\update\\UpdateFetcherInterface","name":"update_fetcher","description":"The update fetcher service"},"update.manager":{"type":"Drupal\\update\\UpdateManagerInterface","name":"update_manager","description":"The update.manager service."},"update.post_update_registry":{"type":"Drupal\\Core\\Update\\UpdateRegistry","name":"update_post_update_registry","description":"The update.post_update_registry service."},"update.post_update_registry_factory":{"type":"Symfony\\Component\\DependencyInjection\\ContainerAwareInterface","name":"update_post_update_registry_factory","description":"The update.post_update_registry_factory service."},"update.processor":{"type":"Drupal\\update\\UpdateProcessorInterface","name":"update_processor","description":"The Update Processor service."},"update.update_hook_registry":{"type":"Drupal\\Core\\Update\\UpdateHookRegistry","name":"update_update_hook_registry","description":"The update.update_hook_registry service."},"update.update_hook_registry_factory":{"type":"Symfony\\Component\\DependencyInjection\\ContainerAwareInterface","name":"update_update_hook_registry_factory","description":"The update.update_hook_registry_factory service."},"url_generator":{"type":"Drupal\\Core\\Routing\\UrlGeneratorInterface","name":"url_generator","description":"The URL generator."},"user.auth":{"type":"Drupal\\user\\UserAuthInterface","name":"user_auth","description":"The user.auth service."},"user.authentication.cookie":{"type":"Drupal\\Core\\Authentication\\AuthenticationProviderInterface","name":"user_authentication_cookie","description":"The user.authentication.cookie service."},"user.current_user_context":{"type":"Drupal\\Core\\Plugin\\Context\\ContextProviderInterface","name":"user_current_user_context","description":"The user.current_user_context service."},"user.data":{"type":"Drupal\\user\\UserDataInterface","name":"user_data","description":"The user data service."},"user.flood_control":{"type":"Drupal\\user\\UserFloodControlInterface","name":"user_flood_control","description":"The user.flood_control service."},"user.flood_subscriber":{"type":"Symfony\\Component\\EventDispatcher\\EventSubscriberInterface","name":"user_flood_subscriber","description":"The user.flood_subscriber service."},"user.permissions":{"type":"Drupal\\user\\PermissionHandlerInterface","name":"user_permissions","description":"The user.permissions service."},"user.toolbar_link_builder":{"type":"Drupal\\Core\\Security\\TrustedCallbackInterface","name":"user_toolbar_link_builder","description":"The user.toolbar_link_builder service."},"user_access_denied_subscriber":{"type":"Symfony\\Component\\EventDispatcher\\EventSubscriberInterface","name":"user_access_denied_subscriber","description":"The user_access_denied_subscriber service."},"user_last_access_subscriber":{"type":"Symfony\\Component\\EventDispatcher\\EventSubscriberInterface","name":"user_last_access_subscriber","description":"The user_last_access_subscriber service."},"user_maintenance_mode_subscriber":{"type":"Symfony\\Component\\EventDispatcher\\EventSubscriberInterface","name":"user_maintenance_mode_subscriber","description":"The user_maintenance_mode_subscriber service."},"user_permissions_hash_generator":{"type":"Drupal\\Core\\Session\\PermissionsHashGeneratorInterface","name":"permissions_hash_generator","description":"The permissions hash generator."},"uuid":{"type":"Drupal\\Component\\Uuid\\UuidInterface","name":"uuid","description":"The uuid service."},"validation.constraint":{"type":"Drupal\\Core\\Cache\\CacheableDependencyInterface","name":"validation_constraint","description":"The validation.constraint service."},"views.analyzer":{"type":"Drupal\\views\\Analyzer","name":"views_analyzer","description":"The views.analyzer service."},"views.date_sql":{"type":"Drupal\\views\\Plugin\\views\\query\\DateSqlInterface","name":"views_date_sql","description":"The views.date_sql service."},"views.entity_schema_subscriber":{"type":"Drupal\\Core\\Entity\\EntityTypeListenerInterface","name":"views_entity_schema_subscriber","description":"The views.entity_schema_subscriber service."},"views.executable":{"type":"Drupal\\views\\ViewExecutableFactory","name":"views_executable","description":"The views.executable service."},"views.exposed_form_cache":{"type":"Drupal\\views\\ExposedFormCache","name":"views_exposed_form_cache","description":"The views.exposed_form_cache service."},"views.route_subscriber":{"type":"Symfony\\Component\\EventDispatcher\\EventSubscriberInterface","name":"views_route_subscriber","description":"The views.route_subscriber service."},"views.views_data":{"type":"Drupal\\views\\ViewsData","name":"views_data","description":"The views data cache."},"views.views_data_helper":{"type":"Drupal\\views\\ViewsDataHelper","name":"views_views_data_helper","description":"The views.views_data_helper service."}}