<!--
  Arabic Text Field
  6.0.0
-->
<fieldType name="text_ar" class="solr.TextField" positionIncrementGap="100">
  <analyzer type="index">
    <tokenizer class="solr.WhitespaceTokenizerFactory"/>
    <filter class="solr.LowerCaseFilterFactory"/>
    <filter class="solr.StopFilterFactory" ignoreCase="true" words="stopwords_ar.txt"/>
    <filter class="solr.ArabicNormalizationFilterFactory"/>
    <filter class="solr.ArabicStemFilterFactory"/>
  </analyzer>
  <analyzer type="query">
    <tokenizer class="solr.WhitespaceTokenizerFactory"/>
    <filter class="solr.LowerCaseFilterFactory"/>
    <filter class="solr.StopFilterFactory" ignoreCase="true" words="stopwords_ar.txt"/>
    <filter class="solr.ArabicNormalizationFilterFactory"/>
    <filter class="solr.SynonymFilterFactory" synonyms="synonyms_ar.txt" expand="true" ignoreCase="true"/>
    <filter class="solr.ArabicStemFilterFactory"/>
  </analyzer>
</fieldType>
<!--
  Arabic Text Field collated
  6.0.0
-->
<fieldType name="collated_ar" class="solr.ICUCollationField" locale="ar" strength="primary" caseLevel="false"/>
<!--
  Arabic Text Field unstemmed
  6.0.0
-->
<fieldType name="text_unstemmed_ar" class="solr.TextField" positionIncrementGap="100">
  <analyzer type="index">
    <tokenizer class="solr.WhitespaceTokenizerFactory"/>
    <filter class="solr.LowerCaseFilterFactory"/>
    <filter class="solr.StopFilterFactory" ignoreCase="true" words="stopwords_ar.txt"/>
    <filter class="solr.ArabicNormalizationFilterFactory"/>
  </analyzer>
  <analyzer type="query">
    <tokenizer class="solr.WhitespaceTokenizerFactory"/>
    <filter class="solr.LowerCaseFilterFactory"/>
    <filter class="solr.StopFilterFactory" ignoreCase="true" words="stopwords_ar.txt"/>
    <filter class="solr.ArabicNormalizationFilterFactory"/>
    <filter class="solr.SynonymFilterFactory" synonyms="synonyms_ar.txt" expand="true" ignoreCase="true"/>
  </analyzer>
</fieldType>
<!--
  Czech Text Field
  6.0.0
-->
<fieldType name="text_cs" class="solr.TextField" positionIncrementGap="100">
  <analyzer type="index">
    <charFilter class="solr.MappingCharFilterFactory" mapping="accents_cs.txt"/>
    <tokenizer class="solr.WhitespaceTokenizerFactory"/>
    <filter class="solr.WordDelimiterFilterFactory" protected="protwords_cs.txt" generateWordParts="1" generateNumberParts="1" splitOnCaseChange="0" splitOnNumerics="1" catenateWords="1" catenateNumbers="1" catenateAll="0" stemEnglishPossessive="0" preserveOriginal="1"/>
    <filter class="solr.LengthFilterFactory" min="2" max="100"/>
    <filter class="solr.LowerCaseFilterFactory"/>
    <filter class="solr.StopFilterFactory" ignoreCase="true" words="stopwords_cs.txt"/>
    <filter class="solr.CzechStemFilterFactory"/>
    <filter class="solr.RemoveDuplicatesTokenFilterFactory"/>
  </analyzer>
  <analyzer type="query">
    <charFilter class="solr.MappingCharFilterFactory" mapping="accents_cs.txt"/>
    <tokenizer class="solr.WhitespaceTokenizerFactory"/>
    <filter class="solr.WordDelimiterFilterFactory" catenateNumbers="0" generateNumberParts="1" protected="protwords_cs.txt" splitOnCaseChange="0" generateWordParts="1" preserveOriginal="1" catenateAll="0" catenateWords="0"/>
    <filter class="solr.LengthFilterFactory" min="2" max="100"/>
    <filter class="solr.LowerCaseFilterFactory"/>
    <filter class="solr.SynonymFilterFactory" synonyms="synonyms_cs.txt" expand="true" ignoreCase="true"/>
    <filter class="solr.StopFilterFactory" ignoreCase="true" words="stopwords_cs.txt"/>
    <filter class="solr.CzechStemFilterFactory"/>
    <filter class="solr.RemoveDuplicatesTokenFilterFactory"/>
  </analyzer>
</fieldType>
<!--
  Czech Text Field collated
  6.0.0
-->
<fieldType name="collated_cs" class="solr.ICUCollationField" locale="cs" strength="primary" caseLevel="false"/>
<!--
  Czech Text Field unstemmed
  6.0.0
-->
<fieldType name="text_unstemmed_cs" class="solr.TextField" positionIncrementGap="100">
  <analyzer type="index">
    <charFilter class="solr.MappingCharFilterFactory" mapping="accents_cs.txt"/>
    <tokenizer class="solr.WhitespaceTokenizerFactory"/>
    <filter class="solr.WordDelimiterFilterFactory" protected="protwords_cs.txt" generateWordParts="1" generateNumberParts="1" splitOnCaseChange="0" splitOnNumerics="1" catenateWords="1" catenateNumbers="1" catenateAll="0" stemEnglishPossessive="0" preserveOriginal="1"/>
    <filter class="solr.LengthFilterFactory" min="2" max="100"/>
    <filter class="solr.LowerCaseFilterFactory"/>
    <filter class="solr.StopFilterFactory" ignoreCase="true" words="stopwords_cs.txt"/>
    <filter class="solr.RemoveDuplicatesTokenFilterFactory"/>
  </analyzer>
  <analyzer type="query">
    <charFilter class="solr.MappingCharFilterFactory" mapping="accents_cs.txt"/>
    <tokenizer class="solr.WhitespaceTokenizerFactory"/>
    <filter class="solr.WordDelimiterFilterFactory" catenateNumbers="0" generateNumberParts="1" protected="protwords_cs.txt" splitOnCaseChange="0" generateWordParts="1" preserveOriginal="1" catenateAll="0" catenateWords="0"/>
    <filter class="solr.LengthFilterFactory" min="2" max="100"/>
    <filter class="solr.LowerCaseFilterFactory"/>
    <filter class="solr.SynonymFilterFactory" synonyms="synonyms_cs.txt" expand="true" ignoreCase="true"/>
    <filter class="solr.StopFilterFactory" ignoreCase="true" words="stopwords_cs.txt"/>
    <filter class="solr.RemoveDuplicatesTokenFilterFactory"/>
  </analyzer>
</fieldType>
<!--
  Dutch Text Field
  6.0.0
-->
<fieldType name="text_nl" class="solr.TextField" positionIncrementGap="100">
  <analyzer type="index">
    <charFilter class="solr.MappingCharFilterFactory" mapping="accents_nl.txt"/>
    <tokenizer class="solr.WhitespaceTokenizerFactory"/>
    <filter class="solr.WordDelimiterFilterFactory" catenateNumbers="1" generateNumberParts="1" protected="protwords_nl.txt" splitOnCaseChange="0" generateWordParts="1" preserveOriginal="1" catenateAll="0" catenateWords="1"/>
    <filter class="solr.LengthFilterFactory" min="2" max="100"/>
    <filter class="solr.LowerCaseFilterFactory"/>
    <filter class="solr.DictionaryCompoundWordTokenFilterFactory" dictionary="nouns_nl.txt" minWordSize="5" minSubwordSize="4" maxSubwordSize="15" onlyLongestMatch="false"/>
    <filter class="solr.StopFilterFactory" ignoreCase="true" words="stopwords_nl.txt"/>
    <filter class="solr.SnowballPorterFilterFactory" language="Kp" protected="protwords_nl.txt"/>
    <filter class="solr.RemoveDuplicatesTokenFilterFactory"/>
  </analyzer>
  <analyzer type="query">
    <charFilter class="solr.MappingCharFilterFactory" mapping="accents_nl.txt"/>
    <tokenizer class="solr.WhitespaceTokenizerFactory"/>
    <filter class="solr.WordDelimiterFilterFactory" catenateNumbers="0" generateNumberParts="1" protected="protwords_nl.txt" splitOnCaseChange="0" generateWordParts="1" preserveOriginal="1" catenateAll="0" catenateWords="0"/>
    <filter class="solr.LengthFilterFactory" min="2" max="100"/>
    <filter class="solr.LowerCaseFilterFactory"/>
    <filter class="solr.SynonymFilterFactory" synonyms="synonyms_nl.txt" expand="true" ignoreCase="true"/>
    <filter class="solr.StopFilterFactory" ignoreCase="true" words="stopwords_nl.txt"/>
    <filter class="solr.SnowballPorterFilterFactory" language="Kp" protected="protwords_nl.txt"/>
    <filter class="solr.RemoveDuplicatesTokenFilterFactory"/>
  </analyzer>
</fieldType>
<!--
  Dutch Text Field collated
  6.0.0
-->
<fieldType name="collated_nl" class="solr.ICUCollationField" locale="nl" strength="primary" caseLevel="false"/>
<!--
  Dutch Text Field unstemmed
  6.0.0
-->
<fieldType name="text_unstemmed_nl" class="solr.TextField" positionIncrementGap="100">
  <analyzer type="index">
    <charFilter class="solr.MappingCharFilterFactory" mapping="accents_nl.txt"/>
    <tokenizer class="solr.WhitespaceTokenizerFactory"/>
    <filter class="solr.WordDelimiterFilterFactory" catenateNumbers="1" generateNumberParts="1" protected="protwords_nl.txt" splitOnCaseChange="0" generateWordParts="1" preserveOriginal="1" catenateAll="0" catenateWords="1"/>
    <filter class="solr.LengthFilterFactory" min="2" max="100"/>
    <filter class="solr.LowerCaseFilterFactory"/>
    <filter class="solr.DictionaryCompoundWordTokenFilterFactory" dictionary="nouns_nl.txt" minWordSize="5" minSubwordSize="4" maxSubwordSize="15" onlyLongestMatch="false"/>
    <filter class="solr.StopFilterFactory" ignoreCase="true" words="stopwords_nl.txt"/>
    <filter class="solr.RemoveDuplicatesTokenFilterFactory"/>
  </analyzer>
  <analyzer type="query">
    <charFilter class="solr.MappingCharFilterFactory" mapping="accents_nl.txt"/>
    <tokenizer class="solr.WhitespaceTokenizerFactory"/>
    <filter class="solr.WordDelimiterFilterFactory" catenateNumbers="0" generateNumberParts="1" protected="protwords_nl.txt" splitOnCaseChange="0" generateWordParts="1" preserveOriginal="1" catenateAll="0" catenateWords="0"/>
    <filter class="solr.LengthFilterFactory" min="2" max="100"/>
    <filter class="solr.LowerCaseFilterFactory"/>
    <filter class="solr.SynonymFilterFactory" synonyms="synonyms_nl.txt" expand="true" ignoreCase="true"/>
    <filter class="solr.StopFilterFactory" ignoreCase="true" words="stopwords_nl.txt"/>
    <filter class="solr.RemoveDuplicatesTokenFilterFactory"/>
  </analyzer>
</fieldType>
<!--
  Edge NGram String Field
  6.0.0
-->
<fieldType name="text_edgenstring" class="solr.TextField" positionIncrementGap="100">
  <analyzer type="index">
    <tokenizer class="solr.KeywordTokenizerFactory"/>
    <filter class="solr.LowerCaseFilterFactory"/>
    <filter class="solr.RemoveDuplicatesTokenFilterFactory"/>
    <filter class="solr.EdgeNGramFilterFactory" minGramSize="2" maxGramSize="25"/>
  </analyzer>
  <analyzer type="query">
    <tokenizer class="solr.KeywordTokenizerFactory"/>
    <filter class="solr.LowerCaseFilterFactory"/>
    <filter class="solr.RemoveDuplicatesTokenFilterFactory"/>
  </analyzer>
</fieldType>
<!--
  Edge NGram Text Field
  6.0.0
-->
<fieldType name="text_edge" class="solr.TextField" positionIncrementGap="100">
  <analyzer type="index">
    <charFilter class="solr.MappingCharFilterFactory" mapping="accents_und.txt"/>
    <tokenizer class="solr.WhitespaceTokenizerFactory"/>
    <filter class="solr.StopFilterFactory" ignoreCase="true" words="stopwords_und.txt"/>
    <filter class="solr.WordDelimiterFilterFactory" catenateNumbers="1" generateNumberParts="1" protected="protwords_und.txt" splitOnCaseChange="0" generateWordParts="1" preserveOriginal="1" catenateAll="0" catenateWords="1"/>
    <filter class="solr.LengthFilterFactory" min="2" max="100"/>
    <filter class="solr.LowerCaseFilterFactory"/>
    <filter class="solr.RemoveDuplicatesTokenFilterFactory"/>
    <filter class="solr.EdgeNGramFilterFactory" minGramSize="2" maxGramSize="25"/>
  </analyzer>
  <analyzer type="query">
    <charFilter class="solr.MappingCharFilterFactory" mapping="accents_und.txt"/>
    <tokenizer class="solr.WhitespaceTokenizerFactory"/>
    <filter class="solr.LengthFilterFactory" min="2" max="100"/>
    <filter class="solr.LowerCaseFilterFactory"/>
    <filter class="solr.RemoveDuplicatesTokenFilterFactory"/>
  </analyzer>
</fieldType>
<!--
  English Text Field
  6.0.0
-->
<fieldType name="text_en" class="solr.TextField" positionIncrementGap="100">
  <analyzer type="index">
    <charFilter class="solr.MappingCharFilterFactory" mapping="accents_en.txt"/>
    <tokenizer class="solr.WhitespaceTokenizerFactory"/>
    <filter class="solr.StopFilterFactory" ignoreCase="true" words="stopwords_en.txt"/>
    <filter class="solr.WordDelimiterFilterFactory" catenateNumbers="1" generateNumberParts="1" protected="protwords_en.txt" splitOnCaseChange="0" generateWordParts="1" preserveOriginal="1" catenateAll="0" catenateWords="1"/>
    <filter class="solr.LengthFilterFactory" min="2" max="100"/>
    <filter class="solr.LowerCaseFilterFactory"/>
    <filter class="solr.SnowballPorterFilterFactory" language="English" protected="protwords_en.txt"/>
    <filter class="solr.RemoveDuplicatesTokenFilterFactory"/>
  </analyzer>
  <analyzer type="query">
    <charFilter class="solr.MappingCharFilterFactory" mapping="accents_en.txt"/>
    <tokenizer class="solr.WhitespaceTokenizerFactory"/>
    <filter class="solr.SynonymFilterFactory" synonyms="synonyms_en.txt" expand="true" ignoreCase="true"/>
    <filter class="solr.StopFilterFactory" ignoreCase="true" words="stopwords_en.txt"/>
    <filter class="solr.WordDelimiterFilterFactory" catenateNumbers="0" generateNumberParts="1" protected="protwords_en.txt" splitOnCaseChange="0" generateWordParts="1" preserveOriginal="1" catenateAll="0" catenateWords="0"/>
    <filter class="solr.LengthFilterFactory" min="2" max="100"/>
    <filter class="solr.LowerCaseFilterFactory"/>
    <filter class="solr.SnowballPorterFilterFactory" language="English" protected="protwords_en.txt"/>
    <filter class="solr.RemoveDuplicatesTokenFilterFactory"/>
  </analyzer>
</fieldType>
<!--
  English Text Field collated
  6.0.0
-->
<fieldType name="collated_en" class="solr.ICUCollationField" locale="en" strength="primary" caseLevel="false"/>
<!--
  English Text Field unstemmed
  6.0.0
-->
<fieldType name="text_unstemmed_en" class="solr.TextField" positionIncrementGap="100">
  <analyzer type="index">
    <charFilter class="solr.MappingCharFilterFactory" mapping="accents_en.txt"/>
    <tokenizer class="solr.WhitespaceTokenizerFactory"/>
    <filter class="solr.StopFilterFactory" ignoreCase="true" words="stopwords_en.txt"/>
    <filter class="solr.WordDelimiterFilterFactory" catenateNumbers="1" generateNumberParts="1" protected="protwords_en.txt" splitOnCaseChange="0" generateWordParts="1" preserveOriginal="1" catenateAll="0" catenateWords="1"/>
    <filter class="solr.LengthFilterFactory" min="2" max="100"/>
    <filter class="solr.LowerCaseFilterFactory"/>
    <filter class="solr.RemoveDuplicatesTokenFilterFactory"/>
  </analyzer>
  <analyzer type="query">
    <charFilter class="solr.MappingCharFilterFactory" mapping="accents_en.txt"/>
    <tokenizer class="solr.WhitespaceTokenizerFactory"/>
    <filter class="solr.SynonymFilterFactory" synonyms="synonyms_en.txt" expand="true" ignoreCase="true"/>
    <filter class="solr.StopFilterFactory" ignoreCase="true" words="stopwords_en.txt"/>
    <filter class="solr.WordDelimiterFilterFactory" catenateNumbers="0" generateNumberParts="1" protected="protwords_en.txt" splitOnCaseChange="0" generateWordParts="1" preserveOriginal="1" catenateAll="0" catenateWords="0"/>
    <filter class="solr.LengthFilterFactory" min="2" max="100"/>
    <filter class="solr.LowerCaseFilterFactory"/>
    <filter class="solr.RemoveDuplicatesTokenFilterFactory"/>
  </analyzer>
</fieldType>
<!--
  Finnish Text Field
  6.0.0
-->
<fieldType name="text_fi" class="solr.TextField" positionIncrementGap="100">
  <analyzer type="index">
    <charFilter class="solr.MappingCharFilterFactory" mapping="accents_fi.txt"/>
    <tokenizer class="solr.WhitespaceTokenizerFactory"/>
    <filter class="solr.WordDelimiterFilterFactory" catenateNumbers="1" generateNumberParts="1" protected="protwords_fi.txt" splitOnCaseChange="1" generateWordParts="1" preserveOriginal="1" catenateAll="0" catenateWords="1"/>
    <filter class="solr.LengthFilterFactory" min="2" max="100"/>
    <filter class="solr.LowerCaseFilterFactory"/>
    <filter class="solr.StopFilterFactory" ignoreCase="true" words="stopwords_fi.txt"/>
    <filter class="solr.SnowballPorterFilterFactory" language="Finnish" protected="protwords_fi.txt"/>
    <filter class="solr.EdgeNGramFilterFactory" minGramSize="2" maxGramSize="50"/>
    <filter class="solr.DictionaryCompoundWordTokenFilterFactory" dictionary="nouns_fi.txt" minWordSize="5" minSubwordSize="2" maxSubwordSize="20" onlyLongestMatch="false"/>
    <filter class="solr.RemoveDuplicatesTokenFilterFactory"/>
  </analyzer>
  <analyzer type="query">
    <charFilter class="solr.MappingCharFilterFactory" mapping="accents_fi.txt"/>
    <tokenizer class="solr.WhitespaceTokenizerFactory"/>
    <filter class="solr.WordDelimiterFilterFactory" catenateNumbers="0" generateNumberParts="1" protected="protwords_fi.txt" splitOnCaseChange="1" generateWordParts="1" preserveOriginal="1" catenateAll="0" catenateWords="0"/>
    <filter class="solr.LengthFilterFactory" min="2" max="100"/>
    <filter class="solr.LowerCaseFilterFactory"/>
    <filter class="solr.SynonymFilterFactory" synonyms="synonyms_fi.txt" expand="true" ignoreCase="true"/>
    <filter class="solr.StopFilterFactory" ignoreCase="true" words="stopwords_fi.txt"/>
    <filter class="solr.SnowballPorterFilterFactory" language="Finnish" protected="protwords_fi.txt"/>
    <filter class="solr.RemoveDuplicatesTokenFilterFactory"/>
  </analyzer>
</fieldType>
<!--
  Finnish Text Field collated
  6.0.0
-->
<fieldType name="collated_fi" class="solr.ICUCollationField" locale="fi" strength="primary" caseLevel="false"/>
<!--
  Finnish Text Field unstemmed
  6.0.0
-->
<fieldType name="text_unstemmed_fi" class="solr.TextField" positionIncrementGap="100">
  <analyzer type="index">
    <charFilter class="solr.MappingCharFilterFactory" mapping="accents_fi.txt"/>
    <tokenizer class="solr.WhitespaceTokenizerFactory"/>
    <filter class="solr.WordDelimiterFilterFactory" catenateNumbers="1" generateNumberParts="1" protected="protwords_fi.txt" splitOnCaseChange="1" generateWordParts="1" preserveOriginal="1" catenateAll="0" catenateWords="1"/>
    <filter class="solr.LengthFilterFactory" min="2" max="100"/>
    <filter class="solr.LowerCaseFilterFactory"/>
    <filter class="solr.StopFilterFactory" ignoreCase="true" words="stopwords_fi.txt"/>
    <filter class="solr.EdgeNGramFilterFactory" minGramSize="2" maxGramSize="50"/>
    <filter class="solr.DictionaryCompoundWordTokenFilterFactory" dictionary="nouns_fi.txt" minWordSize="5" minSubwordSize="2" maxSubwordSize="20" onlyLongestMatch="false"/>
    <filter class="solr.RemoveDuplicatesTokenFilterFactory"/>
  </analyzer>
  <analyzer type="query">
    <charFilter class="solr.MappingCharFilterFactory" mapping="accents_fi.txt"/>
    <tokenizer class="solr.WhitespaceTokenizerFactory"/>
    <filter class="solr.WordDelimiterFilterFactory" catenateNumbers="0" generateNumberParts="1" protected="protwords_fi.txt" splitOnCaseChange="1" generateWordParts="1" preserveOriginal="1" catenateAll="0" catenateWords="0"/>
    <filter class="solr.LengthFilterFactory" min="2" max="100"/>
    <filter class="solr.LowerCaseFilterFactory"/>
    <filter class="solr.SynonymFilterFactory" synonyms="synonyms_fi.txt" expand="true" ignoreCase="true"/>
    <filter class="solr.StopFilterFactory" ignoreCase="true" words="stopwords_fi.txt"/>
    <filter class="solr.RemoveDuplicatesTokenFilterFactory"/>
  </analyzer>
</fieldType>
<!--
  French Text Field
  6.0.0
-->
<fieldType name="text_fr" class="solr.TextField" positionIncrementGap="100">
  <analyzer type="index">
    <charFilter class="solr.MappingCharFilterFactory" mapping="accents_fr.txt"/>
    <tokenizer class="solr.WhitespaceTokenizerFactory"/>
    <filter class="solr.ElisionFilterFactory"/>
    <filter class="solr.WordDelimiterFilterFactory" catenateNumbers="1" generateNumberParts="1" protected="protwords_fr.txt" splitOnCaseChange="1" generateWordParts="1" preserveOriginal="1" catenateAll="0" catenateWords="1"/>
    <filter class="solr.LowerCaseFilterFactory"/>
    <filter class="solr.StopFilterFactory" ignoreCase="true" words="stopwords_fr.txt"/>
    <filter class="solr.SnowballPorterFilterFactory" language="French" protected="protwords_fr.txt"/>
    <filter class="solr.RemoveDuplicatesTokenFilterFactory"/>
  </analyzer>
  <analyzer type="query">
    <charFilter class="solr.MappingCharFilterFactory" mapping="accents_fr.txt"/>
    <tokenizer class="solr.WhitespaceTokenizerFactory"/>
    <filter class="solr.ElisionFilterFactory"/>
    <filter class="solr.WordDelimiterFilterFactory" catenateNumbers="0" generateNumberParts="0" protected="protwords_fr.txt" splitOnCaseChange="1" generateWordParts="1" preserveOriginal="1" catenateAll="0" catenateWords="0"/>
    <filter class="solr.LowerCaseFilterFactory"/>
    <filter class="solr.SynonymFilterFactory" synonyms="synonyms_fr.txt" expand="true" ignoreCase="true"/>
    <filter class="solr.StopFilterFactory" ignoreCase="true" words="stopwords_fr.txt"/>
    <filter class="solr.SnowballPorterFilterFactory" language="French" protected="protwords_fr.txt"/>
    <filter class="solr.RemoveDuplicatesTokenFilterFactory"/>
  </analyzer>
</fieldType>
<!--
  French Text Field collated
  6.0.0
-->
<fieldType name="collated_fr" class="solr.ICUCollationField" locale="fr" strength="primary" caseLevel="false"/>
<!--
  French Text Field unstemmed
  6.0.0
-->
<fieldType name="text_unstemmed_fr" class="solr.TextField" positionIncrementGap="100">
  <analyzer type="index">
    <charFilter class="solr.MappingCharFilterFactory" mapping="accents_fr.txt"/>
    <tokenizer class="solr.WhitespaceTokenizerFactory"/>
    <filter class="solr.ElisionFilterFactory"/>
    <filter class="solr.WordDelimiterFilterFactory" catenateNumbers="1" generateNumberParts="1" protected="protwords_fr.txt" splitOnCaseChange="1" generateWordParts="1" preserveOriginal="1" catenateAll="0" catenateWords="1"/>
    <filter class="solr.LowerCaseFilterFactory"/>
    <filter class="solr.StopFilterFactory" ignoreCase="true" words="stopwords_fr.txt"/>
    <filter class="solr.RemoveDuplicatesTokenFilterFactory"/>
  </analyzer>
  <analyzer type="query">
    <charFilter class="solr.MappingCharFilterFactory" mapping="accents_fr.txt"/>
    <tokenizer class="solr.WhitespaceTokenizerFactory"/>
    <filter class="solr.WordDelimiterFilterFactory" catenateNumbers="0" generateNumberParts="0" protected="protwords_fr.txt" splitOnCaseChange="1" generateWordParts="1" preserveOriginal="1" catenateAll="0" catenateWords="0"/>
    <filter class="solr.LowerCaseFilterFactory"/>
    <filter class="solr.SynonymFilterFactory" synonyms="synonyms_fr.txt" expand="true" ignoreCase="true"/>
    <filter class="solr.StopFilterFactory" ignoreCase="true" words="stopwords_fr.txt"/>
    <filter class="solr.RemoveDuplicatesTokenFilterFactory"/>
  </analyzer>
</fieldType>
<!--
  Fulltext String Field
  6.0.0
-->
<fieldType name="text_string" class="solr.TextField" positionIncrementGap="100">
  <analyzer type="index">
    <tokenizer class="solr.PatternTokenizerFactory" pattern="[\t\r\n]"/>
    <filters/>
  </analyzer>
  <analyzer type="query">
    <tokenizer class="solr.PatternTokenizerFactory" pattern="[\t\r\n]"/>
    <filters/>
  </analyzer>
</fieldType>
<!--
  German Text Field
  6.0.0
-->
<fieldType name="text_de" class="solr.TextField" positionIncrementGap="100">
  <analyzer type="index">
    <charFilter class="solr.MappingCharFilterFactory" mapping="accents_de.txt"/>
    <tokenizer class="solr.WhitespaceTokenizerFactory"/>
    <filter class="solr.WordDelimiterFilterFactory" protected="protwords_de.txt" generateWordParts="1" generateNumberParts="1" splitOnCaseChange="0" splitOnNumerics="1" catenateWords="1" catenateNumbers="1" catenateAll="0" stemEnglishPossessive="0" preserveOriginal="1"/>
    <filter class="solr.LengthFilterFactory" min="2" max="100"/>
    <filter class="solr.LowerCaseFilterFactory"/>
    <filter class="solr.DictionaryCompoundWordTokenFilterFactory" dictionary="nouns_de.txt" minWordSize="5" minSubwordSize="4" maxSubwordSize="15" onlyLongestMatch="false"/>
    <filter class="solr.StopFilterFactory" ignoreCase="true" words="stopwords_de.txt"/>
    <filter class="solr.SnowballPorterFilterFactory" language="German2" protected="protwords_de.txt"/>
    <filter class="solr.RemoveDuplicatesTokenFilterFactory"/>
  </analyzer>
  <analyzer type="query">
    <charFilter class="solr.MappingCharFilterFactory" mapping="accents_de.txt"/>
    <tokenizer class="solr.WhitespaceTokenizerFactory"/>
    <filter class="solr.WordDelimiterFilterFactory" catenateNumbers="0" generateNumberParts="1" protected="protwords_de.txt" splitOnCaseChange="0" generateWordParts="1" preserveOriginal="1" catenateAll="0" catenateWords="0"/>
    <filter class="solr.LengthFilterFactory" min="2" max="100"/>
    <filter class="solr.LowerCaseFilterFactory"/>
    <filter class="solr.SynonymFilterFactory" synonyms="synonyms_de.txt" expand="true" ignoreCase="true"/>
    <filter class="solr.StopFilterFactory" ignoreCase="true" words="stopwords_de.txt"/>
    <filter class="solr.SnowballPorterFilterFactory" language="German2" protected="protwords_de.txt"/>
    <filter class="solr.RemoveDuplicatesTokenFilterFactory"/>
  </analyzer>
</fieldType>
<!--
  German Text Field collated
  6.0.0
-->
<fieldType name="collated_de" class="solr.ICUCollationField" locale="de" strength="primary" caseLevel="false"/>
<!--
  German Text Field unstemmed
  6.0.0
-->
<fieldType name="text_unstemmed_de" class="solr.TextField" positionIncrementGap="100">
  <analyzer type="index">
    <charFilter class="solr.MappingCharFilterFactory" mapping="accents_de.txt"/>
    <tokenizer class="solr.WhitespaceTokenizerFactory"/>
    <filter class="solr.WordDelimiterFilterFactory" protected="protwords_de.txt" generateWordParts="1" generateNumberParts="1" splitOnCaseChange="0" splitOnNumerics="1" catenateWords="1" catenateNumbers="1" catenateAll="0" stemEnglishPossessive="0" preserveOriginal="1"/>
    <filter class="solr.LengthFilterFactory" min="2" max="100"/>
    <filter class="solr.LowerCaseFilterFactory"/>
    <filter class="solr.DictionaryCompoundWordTokenFilterFactory" dictionary="nouns_de.txt" minWordSize="5" minSubwordSize="4" maxSubwordSize="15" onlyLongestMatch="false"/>
    <filter class="solr.StopFilterFactory" ignoreCase="true" words="stopwords_de.txt"/>
    <filter class="solr.RemoveDuplicatesTokenFilterFactory"/>
  </analyzer>
  <analyzer type="query">
    <charFilter class="solr.MappingCharFilterFactory" mapping="accents_de.txt"/>
    <tokenizer class="solr.WhitespaceTokenizerFactory"/>
    <filter class="solr.WordDelimiterFilterFactory" catenateNumbers="0" generateNumberParts="1" protected="protwords_de.txt" splitOnCaseChange="0" generateWordParts="1" preserveOriginal="1" catenateAll="0" catenateWords="0"/>
    <filter class="solr.LengthFilterFactory" min="2" max="100"/>
    <filter class="solr.LowerCaseFilterFactory"/>
    <filter class="solr.SynonymFilterFactory" synonyms="synonyms_de.txt" expand="true" ignoreCase="true"/>
    <filter class="solr.StopFilterFactory" ignoreCase="true" words="stopwords_de.txt"/>
    <filter class="solr.RemoveDuplicatesTokenFilterFactory"/>
  </analyzer>
</fieldType>
<!--
  Greek Text Field
  6.0.0
-->
<fieldType name="text_el" class="solr.TextField" positionIncrementGap="100">
  <analyzer type="index">
    <charFilter class="solr.MappingCharFilterFactory" mapping="accents_el.txt"/>
    <tokenizer class="solr.WhitespaceTokenizerFactory"/>
    <filter class="solr.WordDelimiterFilterFactory" catenateNumbers="1" generateNumberParts="1" protected="protwords_el.txt" splitOnCaseChange="1" generateWordParts="1" preserveOriginal="1" catenateAll="0" catenateWords="1"/>
    <filter class="solr.GreekLowerCaseFilterFactory"/>
    <filter class="solr.StopFilterFactory" ignoreCase="true" words="stopwords_el.txt"/>
    <filter class="solr.GreekStemFilterFactory"/>
    <filter class="solr.RemoveDuplicatesTokenFilterFactory"/>
  </analyzer>
  <analyzer type="query">
    <charFilter class="solr.MappingCharFilterFactory" mapping="accents_el.txt"/>
    <tokenizer class="solr.WhitespaceTokenizerFactory"/>
    <filter class="solr.WordDelimiterFilterFactory" catenateNumbers="0" generateNumberParts="0" protected="protwords_el.txt" splitOnCaseChange="1" generateWordParts="1" preserveOriginal="1" catenateAll="0" catenateWords="0"/>
    <filter class="solr.GreekLowerCaseFilterFactory"/>
    <filter class="solr.SynonymFilterFactory" synonyms="synonyms_el.txt" expand="true" ignoreCase="true"/>
    <filter class="solr.StopFilterFactory" ignoreCase="true" words="stopwords_el.txt"/>
    <filter class="solr.GreekStemFilterFactory"/>
    <filter class="solr.RemoveDuplicatesTokenFilterFactory"/>
  </analyzer>
</fieldType>
<!--
  Greek Text Field collated
  6.0.0
-->
<fieldType name="collated_el" class="solr.ICUCollationField" locale="el" strength="primary" caseLevel="false"/>
<!--
  Greek Text Field unstemmed
  6.0.0
-->
<fieldType name="text_unstemmed_el" class="solr.TextField" positionIncrementGap="100">
  <analyzer type="index">
    <charFilter class="solr.MappingCharFilterFactory" mapping="accents_el.txt"/>
    <tokenizer class="solr.WhitespaceTokenizerFactory"/>
    <filter class="solr.WordDelimiterFilterFactory" catenateNumbers="1" generateNumberParts="1" protected="protwords_el.txt" splitOnCaseChange="1" generateWordParts="1" preserveOriginal="1" catenateAll="0" catenateWords="1"/>
    <filter class="solr.GreekLowerCaseFilterFactory"/>
    <filter class="solr.StopFilterFactory" ignoreCase="true" words="stopwords_el.txt"/>
    <filter class="solr.RemoveDuplicatesTokenFilterFactory"/>
  </analyzer>
  <analyzer type="query">
    <charFilter class="solr.MappingCharFilterFactory" mapping="accents_el.txt"/>
    <tokenizer class="solr.WhitespaceTokenizerFactory"/>
    <filter class="solr.WordDelimiterFilterFactory" catenateNumbers="0" generateNumberParts="0" protected="protwords_el.txt" splitOnCaseChange="1" generateWordParts="1" preserveOriginal="1" catenateAll="0" catenateWords="0"/>
    <filter class="solr.GreekLowerCaseFilterFactory"/>
    <filter class="solr.SynonymFilterFactory" synonyms="synonyms_el.txt" expand="true" ignoreCase="true"/>
    <filter class="solr.StopFilterFactory" ignoreCase="true" words="stopwords_el.txt"/>
    <filter class="solr.RemoveDuplicatesTokenFilterFactory"/>
  </analyzer>
</fieldType>
<!--
  Hungarian Text Field
  6.0.0
-->
<fieldType name="text_hu" class="solr.TextField" positionIncrementGap="100">
  <analyzer type="index">
    <charFilter class="solr.MappingCharFilterFactory" mapping="accents_hu.txt"/>
    <tokenizer class="solr.WhitespaceTokenizerFactory"/>
    <filter class="solr.WordDelimiterFilterFactory" catenateNumbers="0" generateNumberParts="0" protected="protwords_hu.txt" splitOnCaseChange="1" generateWordParts="1" preserveOriginal="1" catenateAll="0" catenateWords="0"/>
    <filter class="solr.LowerCaseFilterFactory"/>
    <filter class="solr.StopFilterFactory" ignoreCase="true" words="stopwords_hu.txt"/>
    <filter class="solr.SnowballPorterFilterFactory" language="Hungarian"/>
    <filter class="solr.RemoveDuplicatesTokenFilterFactory"/>
  </analyzer>
  <analyzer type="query">
    <charFilter class="solr.MappingCharFilterFactory" mapping="accents_hu.txt"/>
    <tokenizer class="solr.WhitespaceTokenizerFactory"/>
    <filter class="solr.WordDelimiterFilterFactory" catenateNumbers="0" generateNumberParts="0" protected="protwords_hu.txt" splitOnCaseChange="0" generateWordParts="1" preserveOriginal="1" catenateAll="0" catenateWords="0"/>
    <filter class="solr.LengthFilterFactory" min="2" max="100"/>
    <filter class="solr.LowerCaseFilterFactory"/>
    <filter class="solr.SynonymFilterFactory" synonyms="synonyms_hu.txt" expand="true" ignoreCase="true"/>
    <filter class="solr.StopFilterFactory" ignoreCase="true" words="stopwords_hu.txt"/>
    <filter class="solr.SnowballPorterFilterFactory" language="Hungarian"/>
    <filter class="solr.RemoveDuplicatesTokenFilterFactory"/>
  </analyzer>
</fieldType>
<!--
  Hungarian Text Field collated
  6.0.0
-->
<fieldType name="collated_hu" class="solr.ICUCollationField" locale="hu" strength="primary" caseLevel="false"/>
<!--
  Hungarian Text Field unstemmed
  6.0.0
-->
<fieldType name="text_unstemmed_hu" class="solr.TextField" positionIncrementGap="100">
  <analyzer type="index">
    <charFilter class="solr.MappingCharFilterFactory" mapping="accents_hu.txt"/>
    <tokenizer class="solr.WhitespaceTokenizerFactory"/>
    <filter class="solr.WordDelimiterFilterFactory" catenateNumbers="0" generateNumberParts="0" protected="protwords_hu.txt" splitOnCaseChange="1" generateWordParts="1" preserveOriginal="1" catenateAll="0" catenateWords="0"/>
    <filter class="solr.LowerCaseFilterFactory"/>
    <filter class="solr.StopFilterFactory" ignoreCase="true" words="stopwords_hu.txt"/>
    <filter class="solr.RemoveDuplicatesTokenFilterFactory"/>
  </analyzer>
  <analyzer type="query">
    <charFilter class="solr.MappingCharFilterFactory" mapping="accents_hu.txt"/>
    <tokenizer class="solr.WhitespaceTokenizerFactory"/>
    <filter class="solr.WordDelimiterFilterFactory" catenateNumbers="0" generateNumberParts="0" protected="protwords_hu.txt" splitOnCaseChange="0" generateWordParts="1" preserveOriginal="1" catenateAll="0" catenateWords="0"/>
    <filter class="solr.LengthFilterFactory" min="2" max="100"/>
    <filter class="solr.LowerCaseFilterFactory"/>
    <filter class="solr.SynonymFilterFactory" synonyms="synonyms_hu.txt" expand="true" ignoreCase="true"/>
    <filter class="solr.StopFilterFactory" ignoreCase="true" words="stopwords_hu.txt"/>
    <filter class="solr.RemoveDuplicatesTokenFilterFactory"/>
  </analyzer>
</fieldType>
<!--
  Italian Text Field
  6.0.0
-->
<fieldType name="text_it" class="solr.TextField" positionIncrementGap="100">
  <analyzer type="index">
    <charFilter class="solr.MappingCharFilterFactory" mapping="accents_it.txt"/>
    <tokenizer class="solr.WhitespaceTokenizerFactory"/>
    <filter class="solr.WordDelimiterFilterFactory" catenateNumbers="1" generateNumberParts="1" protected="protwords_it.txt" splitOnCaseChange="1" generateWordParts="1" preserveOriginal="1" catenateAll="0" catenateWords="1"/>
    <filter class="solr.LowerCaseFilterFactory"/>
    <filter class="solr.StopFilterFactory" ignoreCase="true" words="stopwords_it.txt"/>
    <filter class="solr.SnowballPorterFilterFactory" language="Italian" protected="protwords_it.txt"/>
    <filter class="solr.RemoveDuplicatesTokenFilterFactory"/>
  </analyzer>
  <analyzer type="query">
    <charFilter class="solr.MappingCharFilterFactory" mapping="accents_it.txt"/>
    <tokenizer class="solr.WhitespaceTokenizerFactory"/>
    <filter class="solr.WordDelimiterFilterFactory" catenateNumbers="0" generateNumberParts="0" protected="protwords_it.txt" splitOnCaseChange="1" generateWordParts="1" preserveOriginal="1" catenateAll="0" catenateWords="0"/>
    <filter class="solr.LowerCaseFilterFactory"/>
    <filter class="solr.SynonymFilterFactory" synonyms="synonyms_it.txt" expand="true" ignoreCase="true"/>
    <filter class="solr.StopFilterFactory" ignoreCase="true" words="stopwords_it.txt"/>
    <filter class="solr.SnowballPorterFilterFactory" language="Italian" protected="protwords_it.txt"/>
    <filter class="solr.RemoveDuplicatesTokenFilterFactory"/>
  </analyzer>
</fieldType>
<!--
  Italian Text Field collated
  6.0.0
-->
<fieldType name="collated_it" class="solr.ICUCollationField" locale="it" strength="primary" caseLevel="false"/>
<!--
  Italian Text Field unstemmed
  6.0.0
-->
<fieldType name="text_unstemmed_it" class="solr.TextField" positionIncrementGap="100">
  <analyzer type="index">
    <charFilter class="solr.MappingCharFilterFactory" mapping="accents_it.txt"/>
    <tokenizer class="solr.WhitespaceTokenizerFactory"/>
    <filter class="solr.WordDelimiterFilterFactory" catenateNumbers="1" generateNumberParts="1" protected="protwords_it.txt" splitOnCaseChange="1" generateWordParts="1" preserveOriginal="1" catenateAll="0" catenateWords="1"/>
    <filter class="solr.LowerCaseFilterFactory"/>
    <filter class="solr.StopFilterFactory" ignoreCase="true" words="stopwords_it.txt"/>
    <filter class="solr.RemoveDuplicatesTokenFilterFactory"/>
  </analyzer>
  <analyzer type="query">
    <charFilter class="solr.MappingCharFilterFactory" mapping="accents_it.txt"/>
    <tokenizer class="solr.WhitespaceTokenizerFactory"/>
    <filter class="solr.WordDelimiterFilterFactory" catenateNumbers="0" generateNumberParts="0" protected="protwords_it.txt" splitOnCaseChange="1" generateWordParts="1" preserveOriginal="1" catenateAll="0" catenateWords="0"/>
    <filter class="solr.LowerCaseFilterFactory"/>
    <filter class="solr.SynonymFilterFactory" synonyms="synonyms_it.txt" expand="true" ignoreCase="true"/>
    <filter class="solr.StopFilterFactory" ignoreCase="true" words="stopwords_it.txt"/>
    <filter class="solr.RemoveDuplicatesTokenFilterFactory"/>
  </analyzer>
</fieldType>
<!--
  Japanese Text Field
  6.0.0
-->
<fieldType name="text_ja" class="solr.TextField" positionIncrementGap="100">
  <analyzer type="index">
    <tokenizer class="solr.StandardTokenizerFactory"/>
    <filter class="solr.CJKWidthFilterFactory"/>
    <filter class="solr.LowerCaseFilterFactory"/>
    <filter class="solr.CJKBigramFilterFactory" han="false" hiragana="true" katakana="true" hangul="false" outputUnigrams="false"/>
  </analyzer>
  <analyzer type="query">
    <tokenizer class="solr.StandardTokenizerFactory"/>
    <filter class="solr.CJKWidthFilterFactory"/>
    <filter class="solr.LowerCaseFilterFactory"/>
    <filter class="solr.CJKBigramFilterFactory" han="false" hiragana="true" katakana="true" hangul="false" outputUnigrams="false"/>
  </analyzer>
</fieldType>
<!--
  Japanese Text Field spellcheck
  6.0.0
-->
<fieldType name="text_spell_ja" class="solr.TextField" positionIncrementGap="100">
  <analyzer>
    <tokenizer class="solr.StandardTokenizerFactory"/>
    <filter class="solr.CJKWidthFilterFactory"/>
  </analyzer>
</fieldType>
<!--
  Japanese Text Field collated
  6.0.0
-->
<fieldType name="collated_ja" class="solr.ICUCollationField" locale="ja" strength="primary" caseLevel="false"/>
<!--
  Language Undefined Text Field
  6.0.0
-->
<fieldType name="text_und" class="solr.TextField" positionIncrementGap="100">
  <analyzer type="index">
    <charFilter class="solr.MappingCharFilterFactory" mapping="accents_und.txt"/>
    <tokenizer class="solr.WhitespaceTokenizerFactory"/>
    <filter class="solr.StopFilterFactory" ignoreCase="true" words="stopwords_und.txt"/>
    <filter class="solr.WordDelimiterFilterFactory" catenateNumbers="1" generateNumberParts="1" protected="protwords_und.txt" splitOnCaseChange="0" generateWordParts="1" preserveOriginal="1" catenateAll="0" catenateWords="1"/>
    <filter class="solr.LengthFilterFactory" min="2" max="100"/>
    <filter class="solr.LowerCaseFilterFactory"/>
    <filter class="solr.RemoveDuplicatesTokenFilterFactory"/>
  </analyzer>
  <analyzer type="query">
    <charFilter class="solr.MappingCharFilterFactory" mapping="accents_und.txt"/>
    <tokenizer class="solr.WhitespaceTokenizerFactory"/>
    <filter class="solr.SynonymFilterFactory" synonyms="synonyms_und.txt" expand="true" ignoreCase="true"/>
    <filter class="solr.StopFilterFactory" ignoreCase="true" words="stopwords_und.txt"/>
    <filter class="solr.WordDelimiterFilterFactory" catenateNumbers="0" generateNumberParts="1" protected="protwords_und.txt" splitOnCaseChange="0" generateWordParts="1" preserveOriginal="1" catenateAll="0" catenateWords="0"/>
    <filter class="solr.LengthFilterFactory" min="2" max="100"/>
    <filter class="solr.LowerCaseFilterFactory"/>
    <filter class="solr.RemoveDuplicatesTokenFilterFactory"/>
  </analyzer>
</fieldType>
<!--
  Language Undefined Text Field spellcheck
  6.0.0
-->
<fieldType name="text_spell_und" class="solr.TextField" positionIncrementGap="100">
  <analyzer>
    <charFilter class="solr.MappingCharFilterFactory" mapping="accents_und.txt"/>
    <tokenizer class="solr.WhitespaceTokenizerFactory"/>
    <filter class="solr.LengthFilterFactory" min="2" max="100"/>
    <filter class="solr.LowerCaseFilterFactory"/>
    <filter class="solr.RemoveDuplicatesTokenFilterFactory"/>
  </analyzer>
</fieldType>
<!--
  Language Undefined Text Field collated
  6.0.0
-->
<fieldType name="collated_und" class="solr.ICUCollationField" locale="" strength="primary" caseLevel="false"/>
<!--
  NGram String Field
  6.0.0
-->
<fieldType name="text_ngramstring" class="solr.TextField" positionIncrementGap="100">
  <analyzer type="index">
    <tokenizer class="solr.KeywordTokenizerFactory"/>
    <filter class="solr.LowerCaseFilterFactory"/>
    <filter class="solr.RemoveDuplicatesTokenFilterFactory"/>
    <filter class="solr.NGramFilterFactory" minGramSize="2" maxGramSize="25"/>
  </analyzer>
  <analyzer type="query">
    <tokenizer class="solr.KeywordTokenizerFactory"/>
    <filter class="solr.LowerCaseFilterFactory"/>
    <filter class="solr.RemoveDuplicatesTokenFilterFactory"/>
  </analyzer>
</fieldType>
<!--
  NGram Text Field
  6.0.0
-->
<fieldType name="text_ngram" class="solr.TextField" positionIncrementGap="100">
  <analyzer type="index">
    <charFilter class="solr.MappingCharFilterFactory" mapping="accents_und.txt"/>
    <tokenizer class="solr.WhitespaceTokenizerFactory"/>
    <filter class="solr.StopFilterFactory" ignoreCase="true" words="stopwords_und.txt"/>
    <filter class="solr.WordDelimiterFilterFactory" catenateNumbers="1" generateNumberParts="1" protected="protwords_und.txt" splitOnCaseChange="0" generateWordParts="1" preserveOriginal="1" catenateAll="0" catenateWords="1"/>
    <filter class="solr.LengthFilterFactory" min="2" max="100"/>
    <filter class="solr.LowerCaseFilterFactory"/>
    <filter class="solr.RemoveDuplicatesTokenFilterFactory"/>
    <filter class="solr.NGramFilterFactory" minGramSize="2" maxGramSize="25"/>
  </analyzer>
  <analyzer type="query">
    <charFilter class="solr.MappingCharFilterFactory" mapping="accents_und.txt"/>
    <tokenizer class="solr.WhitespaceTokenizerFactory"/>
    <filter class="solr.LengthFilterFactory" min="2" max="100"/>
    <filter class="solr.LowerCaseFilterFactory"/>
    <filter class="solr.RemoveDuplicatesTokenFilterFactory"/>
  </analyzer>
</fieldType>
<!--
  Russian Text Field
  6.0.0
-->
<fieldType name="text_ru" class="solr.TextField" positionIncrementGap="100">
  <analyzer type="index">
    <tokenizer class="solr.WhitespaceTokenizerFactory"/>
    <filter class="solr.WordDelimiterFilterFactory" catenateNumbers="0" generateNumberParts="0" protected="protwords_ru.txt" splitOnCaseChange="1" generateWordParts="1" preserveOriginal="1" catenateAll="0" catenateWords="0"/>
    <filter class="solr.LowerCaseFilterFactory"/>
    <filter class="solr.StopFilterFactory" ignoreCase="true" words="stopwords_ru.txt"/>
    <filter class="solr.SnowballPorterFilterFactory" language="Russian" protected="protwords_ru.txt"/>
    <filter class="solr.RemoveDuplicatesTokenFilterFactory"/>
  </analyzer>
  <analyzer type="query">
    <tokenizer class="solr.WhitespaceTokenizerFactory"/>
    <filter class="solr.WordDelimiterFilterFactory" catenateNumbers="0" generateNumberParts="0" protected="protwords_ru.txt" splitOnCaseChange="1" generateWordParts="1" preserveOriginal="1" catenateAll="0" catenateWords="0"/>
    <filter class="solr.LowerCaseFilterFactory"/>
    <filter class="solr.SynonymFilterFactory" synonyms="synonyms_ru.txt" expand="true" ignoreCase="true"/>
    <filter class="solr.StopFilterFactory" ignoreCase="true" words="stopwords_ru.txt"/>
    <filter class="solr.SnowballPorterFilterFactory" language="Russian" protected="protwords_ru.txt"/>
    <filter class="solr.RemoveDuplicatesTokenFilterFactory"/>
  </analyzer>
</fieldType>
<!--
  Russian Text Field collated
  6.0.0
-->
<fieldType name="collated_ru" class="solr.ICUCollationField" locale="ru" strength="primary" caseLevel="false"/>
<!--
  Russian Text Field unstemmed
  6.0.0
-->
<fieldType name="text_unstemmed_ru" class="solr.TextField" positionIncrementGap="100">
  <analyzer type="index">
    <tokenizer class="solr.WhitespaceTokenizerFactory"/>
    <filter class="solr.WordDelimiterFilterFactory" catenateNumbers="0" generateNumberParts="0" protected="protwords_ru.txt" splitOnCaseChange="1" generateWordParts="1" preserveOriginal="1" catenateAll="0" catenateWords="0"/>
    <filter class="solr.LowerCaseFilterFactory"/>
    <filter class="solr.StopFilterFactory" ignoreCase="true" words="stopwords_ru.txt"/>
    <filter class="solr.RemoveDuplicatesTokenFilterFactory"/>
  </analyzer>
  <analyzer type="query">
    <tokenizer class="solr.WhitespaceTokenizerFactory"/>
    <filter class="solr.WordDelimiterFilterFactory" catenateNumbers="0" generateNumberParts="0" protected="protwords_ru.txt" splitOnCaseChange="1" generateWordParts="1" preserveOriginal="1" catenateAll="0" catenateWords="0"/>
    <filter class="solr.LowerCaseFilterFactory"/>
    <filter class="solr.SynonymFilterFactory" synonyms="synonyms_ru.txt" expand="true" ignoreCase="true"/>
    <filter class="solr.StopFilterFactory" ignoreCase="true" words="stopwords_ru.txt"/>
    <filter class="solr.RemoveDuplicatesTokenFilterFactory"/>
  </analyzer>
</fieldType>
<!--
  Slovak Text Field
  6.0.0
-->
<fieldType name="text_sk" class="solr.TextField" positionIncrementGap="100">
  <analyzer type="index">
    <charFilter class="solr.MappingCharFilterFactory" mapping="accents_sk.txt"/>
    <tokenizer class="solr.WhitespaceTokenizerFactory"/>
    <filter class="solr.WordDelimiterFilterFactory" catenateNumbers="0" generateNumberParts="0" protected="protwords_sk.txt" splitOnCaseChange="1" generateWordParts="1" preserveOriginal="1" catenateAll="0" catenateWords="0"/>
    <filter class="solr.LowerCaseFilterFactory"/>
    <filter class="solr.StopFilterFactory" ignoreCase="true" words="stopwords_sk.txt"/>
    <filter class="solr.SnowballPorterFilterFactory"/>
    <filter class="solr.RemoveDuplicatesTokenFilterFactory"/>
  </analyzer>
  <analyzer type="query">
    <charFilter class="solr.MappingCharFilterFactory" mapping="accents_sk.txt"/>
    <tokenizer class="solr.WhitespaceTokenizerFactory"/>
    <filter class="solr.WordDelimiterFilterFactory" catenateNumbers="0" generateNumberParts="0" protected="protwords_sk.txt" splitOnCaseChange="0" generateWordParts="1" preserveOriginal="1" catenateAll="0" catenateWords="0"/>
    <filter class="solr.LengthFilterFactory" min="2" max="100"/>
    <filter class="solr.LowerCaseFilterFactory"/>
    <filter class="solr.SynonymFilterFactory" synonyms="synonyms_sk.txt" expand="true" ignoreCase="true"/>
    <filter class="solr.StopFilterFactory" ignoreCase="true" words="stopwords_sk.txt"/>
    <filter class="solr.SnowballPorterFilterFactory"/>
    <filter class="solr.RemoveDuplicatesTokenFilterFactory"/>
  </analyzer>
</fieldType>
<!--
  Slovak Text Field collated
  6.0.0
-->
<fieldType name="collated_sk" class="solr.ICUCollationField" locale="sk" strength="primary" caseLevel="false"/>
<!--
  Slovak Text Field unstemmed
  6.0.0
-->
<fieldType name="text_unstemmed_sk" class="solr.TextField" positionIncrementGap="100">
  <analyzer type="index">
    <charFilter class="solr.MappingCharFilterFactory" mapping="accents_sk.txt"/>
    <tokenizer class="solr.WhitespaceTokenizerFactory"/>
    <filter class="solr.WordDelimiterFilterFactory" catenateNumbers="0" generateNumberParts="0" protected="protwords_sk.txt" splitOnCaseChange="1" generateWordParts="1" preserveOriginal="1" catenateAll="0" catenateWords="0"/>
    <filter class="solr.LowerCaseFilterFactory"/>
    <filter class="solr.StopFilterFactory" ignoreCase="true" words="stopwords_sk.txt"/>
    <filter class="solr.RemoveDuplicatesTokenFilterFactory"/>
  </analyzer>
  <analyzer type="query">
    <charFilter class="solr.MappingCharFilterFactory" mapping="accents_sk.txt"/>
    <tokenizer class="solr.WhitespaceTokenizerFactory"/>
    <filter class="solr.WordDelimiterFilterFactory" catenateNumbers="0" generateNumberParts="0" protected="protwords_sk.txt" splitOnCaseChange="0" generateWordParts="1" preserveOriginal="1" catenateAll="0" catenateWords="0"/>
    <filter class="solr.LengthFilterFactory" min="2" max="100"/>
    <filter class="solr.LowerCaseFilterFactory"/>
    <filter class="solr.SynonymFilterFactory" synonyms="synonyms_sk.txt" expand="true" ignoreCase="true"/>
    <filter class="solr.StopFilterFactory" ignoreCase="true" words="stopwords_sk.txt"/>
    <filter class="solr.RemoveDuplicatesTokenFilterFactory"/>
  </analyzer>
</fieldType>
<!--
  Spanish Text Field
  6.0.0
-->
<fieldType name="text_es" class="solr.TextField" positionIncrementGap="100">
  <analyzer type="index">
    <charFilter class="solr.MappingCharFilterFactory" mapping="accents_es.txt"/>
    <tokenizer class="solr.WhitespaceTokenizerFactory"/>
    <filter class="solr.WordDelimiterFilterFactory" catenateNumbers="1" generateNumberParts="1" protected="protwords_es.txt" splitOnCaseChange="1" generateWordParts="1" preserveOriginal="1" catenateAll="0" catenateWords="1"/>
    <filter class="solr.LowerCaseFilterFactory"/>
    <filter class="solr.StopFilterFactory" ignoreCase="true" words="stopwords_es.txt"/>
    <filter class="solr.SnowballPorterFilterFactory" language="Spanish" protected="protwords_es.txt"/>
    <filter class="solr.RemoveDuplicatesTokenFilterFactory"/>
  </analyzer>
  <analyzer type="query">
    <charFilter class="solr.MappingCharFilterFactory" mapping="accents_es.txt"/>
    <tokenizer class="solr.WhitespaceTokenizerFactory"/>
    <filter class="solr.WordDelimiterFilterFactory" catenateNumbers="0" generateNumberParts="0" protected="protwords_es.txt" splitOnCaseChange="1" generateWordParts="1" preserveOriginal="1" catenateAll="0" catenateWords="0"/>
    <filter class="solr.LowerCaseFilterFactory"/>
    <filter class="solr.SynonymFilterFactory" synonyms="synonyms_es.txt" expand="true" ignoreCase="true"/>
    <filter class="solr.StopFilterFactory" ignoreCase="true" words="stopwords_es.txt"/>
    <filter class="solr.SnowballPorterFilterFactory" language="Spanish" protected="protwords_es.txt"/>
    <filter class="solr.RemoveDuplicatesTokenFilterFactory"/>
  </analyzer>
</fieldType>
<!--
  Spanish Text Field collated
  6.0.0
-->
<fieldType name="collated_es" class="solr.ICUCollationField" locale="es" strength="primary" caseLevel="false"/>
<!--
  Spanish Text Field unstemmed
  6.0.0
-->
<fieldType name="text_unstemmed_es" class="solr.TextField" positionIncrementGap="100">
  <analyzer type="index">
    <charFilter class="solr.MappingCharFilterFactory" mapping="accents_es.txt"/>
    <tokenizer class="solr.WhitespaceTokenizerFactory"/>
    <filter class="solr.WordDelimiterFilterFactory" catenateNumbers="1" generateNumberParts="1" protected="protwords_es.txt" splitOnCaseChange="1" generateWordParts="1" preserveOriginal="1" catenateAll="0" catenateWords="1"/>
    <filter class="solr.LowerCaseFilterFactory"/>
    <filter class="solr.StopFilterFactory" ignoreCase="true" words="stopwords_es.txt"/>
    <filter class="solr.RemoveDuplicatesTokenFilterFactory"/>
  </analyzer>
  <analyzer type="query">
    <charFilter class="solr.MappingCharFilterFactory" mapping="accents_es.txt"/>
    <tokenizer class="solr.WhitespaceTokenizerFactory"/>
    <filter class="solr.WordDelimiterFilterFactory" catenateNumbers="0" generateNumberParts="0" protected="protwords_es.txt" splitOnCaseChange="1" generateWordParts="1" preserveOriginal="1" catenateAll="0" catenateWords="0"/>
    <filter class="solr.LowerCaseFilterFactory"/>
    <filter class="solr.SynonymFilterFactory" synonyms="synonyms_es.txt" expand="true" ignoreCase="true"/>
    <filter class="solr.StopFilterFactory" ignoreCase="true" words="stopwords_es.txt"/>
    <filter class="solr.RemoveDuplicatesTokenFilterFactory"/>
  </analyzer>
</fieldType>
<!--
  Ukrainian Text Field
  6.0.0
-->
<fieldType name="text_uk" class="solr.TextField" positionIncrementGap="100">
  <analyzer type="index">
    <tokenizer class="solr.WhitespaceTokenizerFactory"/>
    <filter class="solr.WordDelimiterFilterFactory" catenateNumbers="0" generateNumberParts="0" protected="protwords_uk.txt" splitOnCaseChange="1" generateWordParts="1" preserveOriginal="1" catenateAll="0" catenateWords="0"/>
    <filter class="solr.LowerCaseFilterFactory"/>
    <filter class="solr.StopFilterFactory" ignoreCase="true" words="stopwords_uk.txt"/>
    <filter class="solr.SnowballPorterFilterFactory" language="Russian" protected="protwords_uk.txt"/>
    <filter class="solr.RemoveDuplicatesTokenFilterFactory"/>
  </analyzer>
  <analyzer type="query">
    <tokenizer class="solr.WhitespaceTokenizerFactory"/>
    <filter class="solr.WordDelimiterFilterFactory" catenateNumbers="0" generateNumberParts="0" protected="protwords_uk.txt" splitOnCaseChange="1" generateWordParts="1" preserveOriginal="1" catenateAll="0" catenateWords="0"/>
    <filter class="solr.LowerCaseFilterFactory"/>
    <filter class="solr.SynonymFilterFactory" synonyms="synonyms_uk.txt" expand="true" ignoreCase="true"/>
    <filter class="solr.StopFilterFactory" ignoreCase="true" words="stopwords_uk.txt"/>
    <filter class="solr.SnowballPorterFilterFactory" language="Russian" protected="protwords_uk.txt"/>
    <filter class="solr.RemoveDuplicatesTokenFilterFactory"/>
  </analyzer>
</fieldType>
<!--
  Ukrainian Text Field collated
  6.0.0
-->
<fieldType name="collated_uk" class="solr.ICUCollationField" locale="uk" strength="primary" caseLevel="false"/>
<!--
  Ukrainian Text Field unstemmed
  6.0.0
-->
<fieldType name="text_unstemmed_uk" class="solr.TextField" positionIncrementGap="100">
  <analyzer type="index">
    <tokenizer class="solr.WhitespaceTokenizerFactory"/>
    <filter class="solr.WordDelimiterFilterFactory" catenateNumbers="0" generateNumberParts="0" protected="protwords_uk.txt" splitOnCaseChange="1" generateWordParts="1" preserveOriginal="1" catenateAll="0" catenateWords="0"/>
    <filter class="solr.LowerCaseFilterFactory"/>
    <filter class="solr.StopFilterFactory" ignoreCase="true" words="stopwords_uk.txt"/>
    <filter class="solr.RemoveDuplicatesTokenFilterFactory"/>
  </analyzer>
  <analyzer type="query">
    <tokenizer class="solr.WhitespaceTokenizerFactory"/>
    <filter class="solr.WordDelimiterFilterFactory" catenateNumbers="0" generateNumberParts="0" protected="protwords_uk.txt" splitOnCaseChange="1" generateWordParts="1" preserveOriginal="1" catenateAll="0" catenateWords="0"/>
    <filter class="solr.LowerCaseFilterFactory"/>
    <filter class="solr.SynonymFilterFactory" synonyms="synonyms_uk.txt" expand="true" ignoreCase="true"/>
    <filter class="solr.StopFilterFactory" ignoreCase="true" words="stopwords_uk.txt"/>
    <filter class="solr.RemoveDuplicatesTokenFilterFactory"/>
  </analyzer>
</fieldType>
