<searchComponent name="spellcheck" class="solr.SpellCheckComponent">
    <lst name="spellchecker">
      <str name="name">ar</str>
      <str name="field">spellcheck_ar</str>
      <str name="classname">solr.DirectSolrSpellChecker</str>
      <str name="distanceMeasure">internal</str>
      <str name="accuracy">0.5</str>
      <str name="maxEdits">2</str>
      <str name="minPrefix">1</str>
      <str name="maxInspections">5</str>
      <str name="minQueryLength">4</str>
      <str name="maxQueryFrequency">0.01</str>
      <str name="thresholdTokenFrequency">.01</str>
      <str name="onlyMorePopular">true</str>
    </lst>
  
    <lst name="spellchecker">
      <str name="name">cs</str>
      <str name="field">spellcheck_cs</str>
      <str name="classname">solr.DirectSolrSpellChecker</str>
      <str name="distanceMeasure">internal</str>
      <str name="accuracy">0.5</str>
      <str name="maxEdits">2</str>
      <str name="minPrefix">1</str>
      <str name="maxInspections">5</str>
      <str name="minQueryLength">4</str>
      <str name="maxQueryFrequency">0.01</str>
      <str name="thresholdTokenFrequency">.01</str>
      <str name="onlyMorePopular">true</str>
    </lst>
  
    <lst name="spellchecker">
      <str name="name">nl</str>
      <str name="field">spellcheck_nl</str>
      <str name="classname">solr.DirectSolrSpellChecker</str>
      <str name="distanceMeasure">internal</str>
      <str name="accuracy">0.5</str>
      <str name="maxEdits">2</str>
      <str name="minPrefix">1</str>
      <str name="maxInspections">5</str>
      <str name="minQueryLength">4</str>
      <str name="maxQueryFrequency">0.01</str>
      <str name="thresholdTokenFrequency">.01</str>
      <str name="onlyMorePopular">true</str>
    </lst>
  
    <lst name="spellchecker">
      <str name="name">en</str>
      <str name="field">spellcheck_en</str>
      <str name="classname">solr.DirectSolrSpellChecker</str>
      <str name="distanceMeasure">internal</str>
      <str name="accuracy">0.5</str>
      <str name="maxEdits">2</str>
      <str name="minPrefix">1</str>
      <str name="maxInspections">5</str>
      <str name="minQueryLength">4</str>
      <str name="maxQueryFrequency">0.01</str>
      <str name="thresholdTokenFrequency">.01</str>
      <str name="onlyMorePopular">true</str>
    </lst>
  
    <lst name="spellchecker">
      <str name="name">fi</str>
      <str name="field">spellcheck_fi</str>
      <str name="classname">solr.DirectSolrSpellChecker</str>
      <str name="distanceMeasure">internal</str>
      <str name="accuracy">0.5</str>
      <str name="maxEdits">2</str>
      <str name="minPrefix">1</str>
      <str name="maxInspections">5</str>
      <str name="minQueryLength">4</str>
      <str name="maxQueryFrequency">0.01</str>
      <str name="thresholdTokenFrequency">.01</str>
      <str name="onlyMorePopular">true</str>
    </lst>
  
    <lst name="spellchecker">
      <str name="name">fr</str>
      <str name="field">spellcheck_fr</str>
      <str name="classname">solr.DirectSolrSpellChecker</str>
      <str name="distanceMeasure">internal</str>
      <str name="accuracy">0.5</str>
      <str name="maxEdits">2</str>
      <str name="minPrefix">1</str>
      <str name="maxInspections">5</str>
      <str name="minQueryLength">4</str>
      <str name="maxQueryFrequency">0.01</str>
      <str name="thresholdTokenFrequency">.01</str>
      <str name="onlyMorePopular">true</str>
    </lst>
  
    <lst name="spellchecker">
      <str name="name">de</str>
      <str name="field">spellcheck_de</str>
      <str name="classname">solr.DirectSolrSpellChecker</str>
      <str name="distanceMeasure">internal</str>
      <str name="accuracy">0.5</str>
      <str name="maxEdits">2</str>
      <str name="minPrefix">1</str>
      <str name="maxInspections">5</str>
      <str name="minQueryLength">4</str>
      <str name="maxQueryFrequency">0.01</str>
      <str name="thresholdTokenFrequency">.01</str>
      <str name="onlyMorePopular">true</str>
    </lst>
  
    <lst name="spellchecker">
      <str name="name">el</str>
      <str name="field">spellcheck_el</str>
      <str name="classname">solr.DirectSolrSpellChecker</str>
      <str name="distanceMeasure">internal</str>
      <str name="accuracy">0.5</str>
      <str name="maxEdits">2</str>
      <str name="minPrefix">1</str>
      <str name="maxInspections">5</str>
      <str name="minQueryLength">4</str>
      <str name="maxQueryFrequency">0.01</str>
      <str name="thresholdTokenFrequency">.01</str>
      <str name="onlyMorePopular">true</str>
    </lst>
  
    <lst name="spellchecker">
      <str name="name">hu</str>
      <str name="field">spellcheck_hu</str>
      <str name="classname">solr.DirectSolrSpellChecker</str>
      <str name="distanceMeasure">internal</str>
      <str name="accuracy">0.5</str>
      <str name="maxEdits">2</str>
      <str name="minPrefix">1</str>
      <str name="maxInspections">5</str>
      <str name="minQueryLength">4</str>
      <str name="maxQueryFrequency">0.01</str>
      <str name="thresholdTokenFrequency">.01</str>
      <str name="onlyMorePopular">true</str>
    </lst>
  
    <lst name="spellchecker">
      <str name="name">it</str>
      <str name="field">spellcheck_it</str>
      <str name="classname">solr.DirectSolrSpellChecker</str>
      <str name="distanceMeasure">internal</str>
      <str name="accuracy">0.5</str>
      <str name="maxEdits">2</str>
      <str name="minPrefix">1</str>
      <str name="maxInspections">5</str>
      <str name="minQueryLength">4</str>
      <str name="maxQueryFrequency">0.01</str>
      <str name="thresholdTokenFrequency">.01</str>
      <str name="onlyMorePopular">true</str>
    </lst>
  
    <lst name="spellchecker">
      <str name="name">ja</str>
      <str name="field">spellcheck_ja</str>
      <str name="classname">solr.DirectSolrSpellChecker</str>
      <str name="distanceMeasure">internal</str>
      <str name="accuracy">0.5</str>
      <str name="maxEdits">1</str>
      <str name="minPrefix">1</str>
      <str name="maxInspections">5</str>
      <str name="minQueryLength">1</str>
      <str name="maxQueryFrequency">0.01</str>
      <str name="onlyMorePopular">true</str>
    </lst>
  
    <lst name="spellchecker">
      <str name="name">und</str>
      <str name="field">spellcheck_und</str>
      <str name="classname">solr.DirectSolrSpellChecker</str>
      <str name="distanceMeasure">internal</str>
      <str name="accuracy">0.5</str>
      <str name="maxEdits">2</str>
      <str name="minPrefix">1</str>
      <str name="maxInspections">5</str>
      <str name="minQueryLength">4</str>
      <str name="maxQueryFrequency">0.01</str>
      <str name="thresholdTokenFrequency">.01</str>
      <str name="onlyMorePopular">true</str>
    </lst>
  
    <lst name="spellchecker">
      <str name="name">ru</str>
      <str name="field">spellcheck_ru</str>
      <str name="classname">solr.DirectSolrSpellChecker</str>
      <str name="distanceMeasure">internal</str>
      <str name="accuracy">0.5</str>
      <str name="maxEdits">2</str>
      <str name="minPrefix">1</str>
      <str name="maxInspections">5</str>
      <str name="minQueryLength">4</str>
      <str name="maxQueryFrequency">0.01</str>
      <str name="thresholdTokenFrequency">.01</str>
      <str name="onlyMorePopular">true</str>
    </lst>
  
    <lst name="spellchecker">
      <str name="name">sk</str>
      <str name="field">spellcheck_sk</str>
      <str name="classname">solr.DirectSolrSpellChecker</str>
      <str name="distanceMeasure">internal</str>
      <str name="accuracy">0.5</str>
      <str name="maxEdits">2</str>
      <str name="minPrefix">1</str>
      <str name="maxInspections">5</str>
      <str name="minQueryLength">4</str>
      <str name="maxQueryFrequency">0.01</str>
      <str name="thresholdTokenFrequency">.01</str>
      <str name="onlyMorePopular">true</str>
    </lst>
  
    <lst name="spellchecker">
      <str name="name">es</str>
      <str name="field">spellcheck_es</str>
      <str name="classname">solr.DirectSolrSpellChecker</str>
      <str name="distanceMeasure">internal</str>
      <str name="accuracy">0.5</str>
      <str name="maxEdits">2</str>
      <str name="minPrefix">1</str>
      <str name="maxInspections">5</str>
      <str name="minQueryLength">4</str>
      <str name="maxQueryFrequency">0.01</str>
      <str name="thresholdTokenFrequency">.01</str>
      <str name="onlyMorePopular">true</str>
    </lst>
  
    <lst name="spellchecker">
      <str name="name">uk</str>
      <str name="field">spellcheck_uk</str>
      <str name="classname">solr.DirectSolrSpellChecker</str>
      <str name="distanceMeasure">internal</str>
      <str name="accuracy">0.5</str>
      <str name="maxEdits">2</str>
      <str name="minPrefix">1</str>
      <str name="maxInspections">5</str>
      <str name="minQueryLength">4</str>
      <str name="maxQueryFrequency">0.01</str>
      <str name="thresholdTokenFrequency">.01</str>
      <str name="onlyMorePopular">true</str>
    </lst>
  </searchComponent>
<searchComponent name="suggest" class="solr.SuggestComponent">
    <lst name="suggester">
      <str name="name">ar</str>
      <str name="lookupImpl">AnalyzingInfixLookupFactory</str>
      <str name="dictionaryImpl">DocumentDictionaryFactory</str>
      <str name="field">twm_suggest</str>
      <str name="suggestAnalyzerFieldType">text_ar</str>
      <str name="contextField">sm_context_tags</str>
      <str name="buildOnCommit">true</str>
      <str name="buildOnStartup">false</str>
    </lst>
  
    <lst name="suggester">
      <str name="name">cs</str>
      <str name="lookupImpl">AnalyzingInfixLookupFactory</str>
      <str name="dictionaryImpl">DocumentDictionaryFactory</str>
      <str name="field">twm_suggest</str>
      <str name="suggestAnalyzerFieldType">text_cs</str>
      <str name="contextField">sm_context_tags</str>
      <str name="buildOnCommit">true</str>
      <str name="buildOnStartup">false</str>
    </lst>
  
    <lst name="suggester">
      <str name="name">nl</str>
      <str name="lookupImpl">AnalyzingInfixLookupFactory</str>
      <str name="dictionaryImpl">DocumentDictionaryFactory</str>
      <str name="field">twm_suggest</str>
      <str name="suggestAnalyzerFieldType">text_nl</str>
      <str name="contextField">sm_context_tags</str>
      <str name="buildOnCommit">true</str>
      <str name="buildOnStartup">false</str>
    </lst>
  
    <lst name="suggester">
      <str name="name">en</str>
      <str name="lookupImpl">AnalyzingInfixLookupFactory</str>
      <str name="dictionaryImpl">DocumentDictionaryFactory</str>
      <str name="field">twm_suggest</str>
      <str name="suggestAnalyzerFieldType">text_en</str>
      <str name="contextField">sm_context_tags</str>
      <str name="buildOnCommit">true</str>
      <str name="buildOnStartup">false</str>
    </lst>
  
    <lst name="suggester">
      <str name="name">fi</str>
      <str name="lookupImpl">AnalyzingInfixLookupFactory</str>
      <str name="dictionaryImpl">DocumentDictionaryFactory</str>
      <str name="field">twm_suggest</str>
      <str name="suggestAnalyzerFieldType">text_fi</str>
      <str name="contextField">sm_context_tags</str>
      <str name="buildOnCommit">true</str>
      <str name="buildOnStartup">false</str>
    </lst>
  
    <lst name="suggester">
      <str name="name">fr</str>
      <str name="lookupImpl">AnalyzingInfixLookupFactory</str>
      <str name="dictionaryImpl">DocumentDictionaryFactory</str>
      <str name="field">twm_suggest</str>
      <str name="suggestAnalyzerFieldType">text_fr</str>
      <str name="contextField">sm_context_tags</str>
      <str name="buildOnCommit">true</str>
      <str name="buildOnStartup">false</str>
    </lst>
  
    <lst name="suggester">
      <str name="name">de</str>
      <str name="lookupImpl">AnalyzingInfixLookupFactory</str>
      <str name="dictionaryImpl">DocumentDictionaryFactory</str>
      <str name="field">twm_suggest</str>
      <str name="suggestAnalyzerFieldType">text_de</str>
      <str name="contextField">sm_context_tags</str>
      <str name="buildOnCommit">true</str>
      <str name="buildOnStartup">false</str>
    </lst>
  
    <lst name="suggester">
      <str name="name">el</str>
      <str name="lookupImpl">AnalyzingInfixLookupFactory</str>
      <str name="dictionaryImpl">DocumentDictionaryFactory</str>
      <str name="field">twm_suggest</str>
      <str name="suggestAnalyzerFieldType">text_el</str>
      <str name="contextField">sm_context_tags</str>
      <str name="buildOnCommit">true</str>
      <str name="buildOnStartup">false</str>
    </lst>
  
    <lst name="suggester">
      <str name="name">hu</str>
      <str name="lookupImpl">AnalyzingInfixLookupFactory</str>
      <str name="dictionaryImpl">DocumentDictionaryFactory</str>
      <str name="field">twm_suggest</str>
      <str name="suggestAnalyzerFieldType">text_hu</str>
      <str name="contextField">sm_context_tags</str>
      <str name="buildOnCommit">true</str>
      <str name="buildOnStartup">false</str>
    </lst>
  
    <lst name="suggester">
      <str name="name">it</str>
      <str name="lookupImpl">AnalyzingInfixLookupFactory</str>
      <str name="dictionaryImpl">DocumentDictionaryFactory</str>
      <str name="field">twm_suggest</str>
      <str name="suggestAnalyzerFieldType">text_it</str>
      <str name="contextField">sm_context_tags</str>
      <str name="buildOnCommit">true</str>
      <str name="buildOnStartup">false</str>
    </lst>
  
    <lst name="suggester">
      <str name="name">und</str>
      <str name="lookupImpl">AnalyzingInfixLookupFactory</str>
      <str name="dictionaryImpl">DocumentDictionaryFactory</str>
      <str name="field">twm_suggest</str>
      <str name="suggestAnalyzerFieldType">text_und</str>
      <str name="contextField">sm_context_tags</str>
      <str name="buildOnCommit">true</str>
      <str name="buildOnStartup">false</str>
    </lst>
  
    <lst name="suggester">
      <str name="name">ru</str>
      <str name="lookupImpl">AnalyzingInfixLookupFactory</str>
      <str name="dictionaryImpl">DocumentDictionaryFactory</str>
      <str name="field">twm_suggest</str>
      <str name="suggestAnalyzerFieldType">text_ru</str>
      <str name="contextField">sm_context_tags</str>
      <str name="buildOnCommit">true</str>
      <str name="buildOnStartup">false</str>
    </lst>
  
    <lst name="suggester">
      <str name="name">sk</str>
      <str name="lookupImpl">AnalyzingInfixLookupFactory</str>
      <str name="dictionaryImpl">DocumentDictionaryFactory</str>
      <str name="field">twm_suggest</str>
      <str name="suggestAnalyzerFieldType">text_sk</str>
      <str name="contextField">sm_context_tags</str>
      <str name="buildOnCommit">true</str>
      <str name="buildOnStartup">false</str>
    </lst>
  
    <lst name="suggester">
      <str name="name">es</str>
      <str name="lookupImpl">AnalyzingInfixLookupFactory</str>
      <str name="dictionaryImpl">DocumentDictionaryFactory</str>
      <str name="field">twm_suggest</str>
      <str name="suggestAnalyzerFieldType">text_es</str>
      <str name="contextField">sm_context_tags</str>
      <str name="buildOnCommit">true</str>
      <str name="buildOnStartup">false</str>
    </lst>
  
    <lst name="suggester">
      <str name="name">uk</str>
      <str name="lookupImpl">AnalyzingInfixLookupFactory</str>
      <str name="dictionaryImpl">DocumentDictionaryFactory</str>
      <str name="field">twm_suggest</str>
      <str name="suggestAnalyzerFieldType">text_uk</str>
      <str name="contextField">sm_context_tags</str>
      <str name="buildOnCommit">true</str>
      <str name="buildOnStartup">false</str>
    </lst>
  </searchComponent>
<statsCache class="org.apache.solr.search.stats.LRUStatsCache" />
